<?xml version="1.0" encoding="utf-8"?>
<COLLADA xmlns="http://www.collada.org/2005/11/COLLADASchema" version="1.4.1" xmlns:xsi="http://www.w3.org/2001/XMLSchema-instance">
  <asset>
    <contributor>
      <author>Blender User</author>
      <authoring_tool>Blender 4.0.2 commit date:2023-12-05, commit time:07:41, hash:9be62e85b727</authoring_tool>
    </contributor>
    <created>2024-03-23T22:32:14</created>
    <modified>2024-03-23T22:32:14</modified>
    <unit name="meter" meter="1"/>
    <up_axis>Z_UP</up_axis>
  </asset>
  <library_effects>
    <effect id="Terminal-effect">
      <profile_COMMON>
        <newparam sid="Terminal_Terminal_AlbedoTransparency_png_002-surface">
          <surface type="2D">
            <init_from>Terminal_Terminal_AlbedoTransparency_png_002</init_from>
          </surface>
        </newparam>
        <newparam sid="Terminal_Terminal_AlbedoTransparency_png_002-sampler">
          <sampler2D>
            <source>Terminal_Terminal_AlbedoTransparency_png_002-surface</source>
          </sampler2D>
        </newparam>
        <technique sid="common">
          <lambert>
            <emission>
              <color sid="emission">0 0 0 1</color>
            </emission>
            <diffuse>
              <texture texture="Terminal_Terminal_AlbedoTransparency_png_002-sampler" texcoord="UVMap"/>
            </diffuse>
            <index_of_refraction>
              <float sid="ior">1.45</float>
            </index_of_refraction>
          </lambert>
        </technique>
      </profile_COMMON>
    </effect>
    <effect id="Terminal_hologram-effect">
      <profile_COMMON>
        <newparam sid="Terminal_Terminal_hologram_AlbedoTransparency_png_002-surface">
          <surface type="2D">
            <init_from>Terminal_Terminal_hologram_AlbedoTransparency_png_002</init_from>
          </surface>
        </newparam>
        <newparam sid="Terminal_Terminal_hologram_AlbedoTransparency_png_002-sampler">
          <sampler2D>
            <source>Terminal_Terminal_hologram_AlbedoTransparency_png_002-surface</source>
          </sampler2D>
        </newparam>
        <technique sid="common">
          <lambert>
            <emission>
              <color sid="emission">1 1 1 1</color>
            </emission>
            <diffuse>
              <texture texture="Terminal_Terminal_hologram_AlbedoTransparency_png_002-sampler" texcoord="UVMap"/>
            </diffuse>
            <index_of_refraction>
              <float sid="ior">1.45</float>
            </index_of_refraction>
          </lambert>
        </technique>
      </profile_COMMON>
    </effect>
  </library_effects>
  <library_images/>
  <library_materials>
    <material id="Terminal-material" name="Terminal">
      <instance_effect url="#Terminal-effect"/>
    </material>
    <material id="Terminal_hologram-material" name="Terminal hologram">
      <instance_effect url="#Terminal_hologram-effect"/>
    </material>
  </library_materials>
  <library_geometries>
    <geometry id="Cube_001-mesh" name="Cube.001">
      <mesh>
        <source id="Cube_001-mesh-positions">
          <float_array id="Cube_001-mesh-positions-array" count="2358">-0.3173568 0.1900883 0.05904078 -0.3173568 0.1900883 0.3747112 -0.1030634 0.1900883 0.9264966 -0.3562791 0.1900883 1.123835 0 0.1900883 0.3747112 0 0.1900883 0.05904078 -0.3730354 0.1900883 0.05765229 -0.3562791 0.1900883 0.7492734 -0.3799875 0.1900883 0.01657283 0.08274459 0.1900883 0.9264966 -0.4120836 0.1900883 0.01657283 -0.4190357 0.1900883 0.05765229 -0.435792 0.1900883 0.7492734 -0.4194895 0.135326 0.3885395 -0.4194895 0.135326 1.49052e-4 -0.435792 0.1499935 1.49052e-4 -0.435792 0.1499935 0.7499902 -0.435792 0.1499935 0.3885395 -0.435792 0.1900883 1.470809 -0.435792 0.164366 1.498398 -0.435792 0.1866422 1.484603 -0.435792 0.1772271 1.494702 -0.5019199 0.1349489 1.466846 -0.5019199 0.1606712 1.439257 -0.5019199 0.1478101 1.46315 -0.5019199 0.1572251 1.453051 -0.435792 0.164366 1.123835 -0.435792 0.1900883 1.151424 -0.435792 0.1900883 1.123835 -0.435792 0.1772271 1.127532 -0.435792 0.1866422 1.13763 -0.5019199 0.1606712 1.182976 -0.5019199 0.1349489 1.155387 -0.5019199 0.1572251 1.169182 -0.5019199 0.1478101 1.159084 -0.435792 0.1499935 1.046081 -0.435792 0.1224969 1.075573 -0.435792 0.1718855 1.104312 -0.435792 0.1463096 1.060827 -0.435792 0.1362451 1.071622 -0.4194895 0.135326 0.7499902 -0.4194895 0.1215776 1.05589 -0.4194895 0.1078293 1.059841 -0.4194895 0.1316421 1.045095 -0.4194895 0.135326 1.030349 -0.4194894 0.06426048 0.9449696 -0.4194894 0.07478898 0.954675 -0.4194894 0.07757133 0.936008 -0.4194894 0.0695247 0.9462699 -0.4194894 0.07337844 0.9498223 -0.4194894 0.07478898 1.002566 -0.4194894 0.06426048 1.012271 -0.4194894 0.08188003 1.017514 -0.4194894 0.07337844 1.007418 -0.4194894 0.0695247 1.010971 -0.4031734 0.05389338 1.007606 -0.4031734 0.06442189 0.997901 -0.4031734 0.0591576 1.006306 -0.4031734 0.06301134 1.002754 -0.4031734 0.06442189 0.9593396 -0.4031734 0.05389338 0.9496342 -0.4031734 0.06301128 0.9544869 -0.4031734 0.0591576 0.9509345 -0.435792 0.1900883 0.3747112 -0.435792 0.1900883 1.49052e-4 -0.3562791 0.1900883 1.49052e-4 -0.3562791 0.1900883 0.3747112 -0.4190357 0.1527793 0.05765229 -0.4120836 0.1527793 0.01657283 -0.3799875 0.1527793 0.01657283 -0.3730354 0.1527793 0.05765229 -0.4194895 0 0.7499902 -0.4194895 0 0.3885396 -0.4194895 0 1.49054e-4 -0.3173568 0 1.498398 -0.3562791 0 1.498398 0 0 1.498398 -0.435792 0 1.498398 -0.5019199 0 1.466846 -0.5019199 0 1.155387 -0.435792 0 1.123835 -0.435792 0 1.075573 -0.4194895 0 1.059841 -0.4194894 0 1.012271 -0.4031734 0 1.007606 -0.4031734 0 0.9496342 -0.4194894 0 0.9449696 0.3173568 0.1900883 0.05904078 0.2685526 0.1900883 1.025595 0.3173568 0.1900883 0.3747112 0.2685526 0.1900883 0.9264966 0.3562791 0.1900883 1.123835 0.3730354 0.1900883 0.05765229 0.3562791 0.1900883 0.7492734 0.3799875 0.1900883 0.01657283 0.4120836 0.1900883 0.01657283 0.4190357 0.1900883 0.05765229 0.435792 0.1900883 0.7492734 0.4194895 0.135326 0.3885395 0.4194895 0.135326 1.49052e-4 0.435792 0.1499935 1.49052e-4 0.435792 0.1499935 0.7499902 0.435792 0.1499935 0.3885395 0.435792 0.1900883 1.470809 0.435792 0.164366 1.498398 0.435792 0.1866422 1.484603 0.435792 0.1772271 1.494702 0.5019199 0.1349489 1.466846 0.5019199 0.1606712 1.439257 0.5019199 0.1478101 1.46315 0.5019199 0.1572251 1.453051 0.435792 0.164366 1.123835 0.435792 0.1900883 1.151424 0.435792 0.1900883 1.123835 0.435792 0.1772271 1.127532 0.435792 0.1866422 1.13763 0.5019199 0.1606712 1.182976 0.5019199 0.1349489 1.155387 0.5019199 0.1572251 1.169182 0.5019199 0.1478101 1.159084 0.435792 0.1499935 1.046081 0.435792 0.1224969 1.075573 0.435792 0.1718855 1.104312 0.435792 0.1463096 1.060827 0.435792 0.1362451 1.071622 0.4194895 0.135326 0.7499902 0.4194895 0.1215776 1.05589 0.4194895 0.1078293 1.059841 0.4194895 0.1316421 1.045095 0.4194895 0.135326 1.030349 0.4194894 0.06426048 0.9449696 0.4194894 0.07478898 0.954675 0.4194894 0.07757133 0.936008 0.4194894 0.0695247 0.9462699 0.4194894 0.07337844 0.9498223 0.4194894 0.07478898 1.002566 0.4194894 0.06426048 1.012271 0.4194894 0.08188003 1.017514 0.4194894 0.07337844 1.007418 0.4194894 0.0695247 1.010971 0.4031734 0.05389338 1.007606 0.4031734 0.06442189 0.997901 0.4031734 0.0591576 1.006306 0.4031734 0.06301134 1.002754 0.4031734 0.06442189 0.9593396 0.4031734 0.05389338 0.9496342 0.4031734 0.06301128 0.9544869 0.4031734 0.0591576 0.9509345 0.435792 0.1900883 0.3747112 0.435792 0.1900883 1.49052e-4 0.3562791 0.1900883 1.49052e-4 0.3562791 0.1900883 0.3747112 0.4190357 0.1527793 0.05765229 0.4120836 0.1527793 0.01657283 0.3799875 0.1527793 0.01657283 0.3730354 0.1527793 0.05765229 0.4194895 0 0.7499902 0.4194895 0 0.3885396 0.4194895 0 1.49054e-4 0.3173568 0 1.498398 0.3562791 0 1.498398 0.435792 0 1.498398 0.5019199 0 1.466846 0.5019199 0 1.155387 0.435792 0 1.123835 0.435792 0 1.075573 0.4194895 0 1.059841 0.4194894 0 1.012271 0.4031734 0 1.007606 0.4031734 0 0.9496342 0.4194894 0 0.9449696 -0.3173568 -0.1900883 0.05904078 -0.3173568 -0.1900883 1.498398 -0.3173568 -0.1900883 1.123835 -0.3173568 -0.1900883 0.3747112 -0.3173568 -0.1900883 0.7492734 -0.3562791 -0.1900883 1.498398 -0.3562791 -0.1900883 1.123835 0 -0.1900883 0.3747112 0 -0.1900883 1.498398 0 -0.1900883 0.05904078 -0.3730354 -0.1900883 0.05765229 -0.3562791 -0.1900883 0.7492734 -0.3799875 -0.1900883 0.01657283 0 -0.1900883 0.7492734 0 -0.1900883 1.123835 -0.4120836 -0.1900883 0.01657283 -0.4190357 -0.1900883 0.05765229 -0.435792 -0.1900883 0.7492734 -0.4194895 -0.135326 0.3885395 -0.4194895 -0.135326 1.49052e-4 -0.435792 -0.1499935 1.49052e-4 -0.435792 -0.1499935 0.7499902 -0.435792 -0.1499935 0.3885395 -0.435792 -0.1900883 1.470809 -0.435792 -0.164366 1.498398 -0.435792 -0.1900883 1.498398 -0.435792 -0.1866422 1.484603 -0.435792 -0.1772271 1.494702 -0.5019199 -0.1349489 1.466846 -0.5019199 -0.1606712 1.439257 -0.5019199 -0.1478101 1.46315 -0.5019199 -0.1572251 1.453051 -0.435792 -0.164366 1.123835 -0.435792 -0.1900883 1.151424 -0.435792 -0.1900883 1.123835 -0.435792 -0.1772271 1.127532 -0.435792 -0.1866422 1.13763 -0.5019199 -0.1606712 1.182976 -0.5019199 -0.1349489 1.155387 -0.5019199 -0.1572251 1.169182 -0.5019199 -0.1478101 1.159084 -0.435792 -0.1499935 1.046081 -0.435792 -0.1224969 1.075573 -0.435792 -0.1718855 1.104312 -0.435792 -0.1463096 1.060827 -0.435792 -0.1362451 1.071622 -0.4194895 -0.135326 0.7499902 -0.4194895 -0.1215776 1.05589 -0.4194895 -0.1078293 1.059841 -0.4194895 -0.1316421 1.045095 -0.4194895 -0.135326 1.030349 -0.4194894 -0.06426048 0.9449696 -0.4194894 -0.07478898 0.954675 -0.4194894 -0.07757133 0.936008 -0.4194894 -0.0695247 0.9462699 -0.4194894 -0.07337844 0.9498223 -0.4194894 -0.07478898 1.002566 -0.4194894 -0.06426048 1.012271 -0.4194894 -0.08188003 1.017514 -0.4194894 -0.07337844 1.007418 -0.4194894 -0.0695247 1.010971 -0.4031734 -0.05389338 1.007606 -0.4031734 -0.06442189 0.997901 -0.4031734 -0.0591576 1.006306 -0.4031734 -0.06301134 1.002754 -0.4031734 -0.06442189 0.9593396 -0.4031734 -0.05389338 0.9496342 -0.4031734 -0.06301128 0.9544869 -0.4031734 -0.0591576 0.9509345 -0.435792 -0.1900883 0.3747112 -0.435792 -0.1900883 1.49052e-4 -0.3562791 -0.1900883 1.49052e-4 -0.3562791 -0.1900883 0.3747112 -0.4190357 -0.1527793 0.05765229 -0.4120836 -0.1527793 0.01657283 -0.3799875 -0.1527793 0.01657283 -0.3730354 -0.1527793 0.05765229 0.3173568 -0.1900883 0.05904078 0.3173568 -0.1900883 1.498398 0.3173568 -0.1900883 1.123835 0.3173568 -0.1900883 0.3747112 0.3173568 -0.1900883 0.7492734 0.3562791 -0.1900883 1.498398 0.3562791 -0.1900883 1.123835 0.3730354 -0.1900883 0.05765229 0.3562791 -0.1900883 0.7492734 0.3799875 -0.1900883 0.01657283 0.4120836 -0.1900883 0.01657283 0.4190357 -0.1900883 0.05765229 0.435792 -0.1900883 0.7492734 0.4194895 -0.135326 0.3885395 0.4194895 -0.135326 1.49052e-4 0.435792 -0.1499935 1.49052e-4 0.435792 -0.1499935 0.7499902 0.435792 -0.1499935 0.3885395 0.435792 -0.1900883 1.470809 0.435792 -0.164366 1.498398 0.435792 -0.1900883 1.498398 0.435792 -0.1866422 1.484603 0.435792 -0.1772271 1.494702 0.5019199 -0.1349489 1.466846 0.5019199 -0.1606712 1.439257 0.5019199 -0.1478101 1.46315 0.5019199 -0.1572251 1.453051 0.435792 -0.164366 1.123835 0.435792 -0.1900883 1.151424 0.435792 -0.1900883 1.123835 0.435792 -0.1772271 1.127532 0.435792 -0.1866422 1.13763 0.5019199 -0.1606712 1.182976 0.5019199 -0.1349489 1.155387 0.5019199 -0.1572251 1.169182 0.5019199 -0.1478101 1.159084 0.435792 -0.1499935 1.046081 0.435792 -0.1224969 1.075573 0.435792 -0.1718855 1.104312 0.435792 -0.1463096 1.060827 0.435792 -0.1362451 1.071622 0.4194895 -0.135326 0.7499902 0.4194895 -0.1215776 1.05589 0.4194895 -0.1078293 1.059841 0.4194895 -0.1316421 1.045095 0.4194895 -0.135326 1.030349 0.4194894 -0.06426048 0.9449696 0.4194894 -0.07478898 0.954675 0.4194894 -0.07757133 0.936008 0.4194894 -0.0695247 0.9462699 0.4194894 -0.07337844 0.9498223 0.4194894 -0.07478898 1.002566 0.4194894 -0.06426048 1.012271 0.4194894 -0.08188003 1.017514 0.4194894 -0.07337844 1.007418 0.4194894 -0.0695247 1.010971 0.4031734 -0.05389338 1.007606 0.4031734 -0.06442189 0.997901 0.4031734 -0.0591576 1.006306 0.4031734 -0.06301134 1.002754 0.4031734 -0.06442189 0.9593396 0.4031734 -0.05389338 0.9496342 0.4031734 -0.06301128 0.9544869 0.4031734 -0.0591576 0.9509345 0.435792 -0.1900883 0.3747112 0.435792 -0.1900883 1.49052e-4 0.3562791 -0.1900883 1.49052e-4 0.3562791 -0.1900883 0.3747112 0.4190357 -0.1527793 0.05765229 0.4120836 -0.1527793 0.01657283 0.3799875 -0.1527793 0.01657283 0.3730354 -0.1527793 0.05765229 -0.1030634 0.1900883 1.025595 0.08274459 0.1900883 1.025595 -0.2780822 0.1167077 1.256122 -0.03927457 0.1167077 1.256122 -0.2780822 0.1167077 1.228782 -0.03927457 0.1167077 1.228782 -0.2780822 0.1167077 1.283462 -0.03927457 0.1167077 1.283462 -0.2780822 0.1167077 1.215112 -0.03927457 0.1167077 1.215112 -0.2780822 0.1167077 1.269792 -0.03927457 0.1167077 1.269792 -0.2780822 0.1167077 1.242452 -0.03927457 0.1167077 1.242452 -0.03927457 0.2297433 1.242452 -0.03927457 0.2297433 1.228782 -0.2780822 0.2297433 1.228782 -0.2780822 0.2297433 1.242452 -0.03927457 0.2297433 1.215112 -0.03927457 0.2297433 1.201442 -0.2780822 0.2297433 1.201442 -0.2780822 0.2297433 1.215112 -0.03927457 0.2297433 1.297132 -0.03927457 0.2297433 1.283462 -0.2780822 0.2297433 1.283462 -0.2780822 0.2297433 1.297132 -0.2780822 0.2297433 1.269792 -0.03927457 0.2297433 1.269792 -0.03927457 0.2297433 1.256122 -0.2780822 0.2297433 1.256122 -0.2709512 0.1900883 1.314334 -0.2857943 0.1900883 1.299547 -0.288291 0.1900883 1.328894 -0.2814469 0.1900883 1.310003 -0.2857943 0.1900883 1.212698 -0.2709512 0.1900883 1.19791 -0.291585 0.1900883 1.18432 -0.2814469 0.1900883 1.202241 -0.03156244 0.1900883 1.299547 -0.04640561 0.1900883 1.314334 -0.02906578 0.1900883 1.328894 -0.03590989 0.1900883 1.310003 -0.04640561 0.1900883 1.19791 -0.03156244 0.1900883 1.212698 -0.02577179 0.1900883 1.18432 -0.03590989 0.1900883 1.202241 -0.2780822 0.1167077 1.297132 -0.2632391 0.1167077 1.310802 -0.2737348 0.1167077 1.306799 -0.2632391 0.1167077 1.201442 -0.2780822 0.1304807 1.201442 -0.2737348 0.1167077 1.205446 -0.05411767 0.1167077 1.201442 -0.03927457 0.1304807 1.201442 -0.04362201 0.1167077 1.205446 -0.05411767 0.1167077 1.310802 -0.03927457 0.1167077 1.297132 -0.04362201 0.1167077 1.306799 -0.3173568 0.1900883 1.123835 -0.3173568 0.1900883 0.7492734 0 0.1900883 0.7492734 0.3173568 0.1900883 0.7492734 -0.0936644 0.0262413 0.9686094 -0.0936644 0.0262413 0.9319663 0.08274459 0.0262413 0.9319663 0.08274459 0.0262413 0.9686094 0.2591537 0.0262413 0.9686094 0.2591537 0.0262413 0.9319663 -0.09637212 0.0262413 1.023811 -0.09637212 0.0262413 0.928281 0.08274459 0.0262413 0.928281 0.08274459 0.0262413 1.023811 0.2618613 0.0262413 1.023811 0.2618613 0.0262413 0.928281 0.08274459 0.2988333 0.9319663 0.08274459 0.2988333 0.9686094 -0.06942778 0.2988333 0.9686094 -0.0936644 0.2762364 0.9686094 -0.08656567 0.2922148 0.9686094 -0.0936644 0.2762364 0.9319663 -0.06942778 0.2988333 0.9319663 -0.08656567 0.2922148 0.9319663 0.2591537 0.2762364 0.9686094 0.234917 0.2988333 0.9686094 0.2520549 0.2922148 0.9686094 0.234917 0.2988333 0.9319663 0.2591537 0.2762364 0.9319663 0.2520549 0.2922148 0.9319663 0 0.1900883 1.123835 0.3173568 0.1900883 1.123835 0.2821554 0.1900883 1.319289 0.2739862 0.1900883 1.328085 0.2837676 0.1900883 1.335885 0.2797627 0.1900883 1.325509 0.2198926 0.1900883 1.328085 0.2117235 0.1900883 1.319289 0.2055172 0.1900883 1.333078 0.2141162 0.1900883 1.325509 0.2117235 0.1900883 1.202371 0.2198926 0.1900883 1.193575 0.2041583 0.1900883 1.191083 0.2141162 0.1900883 1.196151 0.2739862 0.1900883 1.193575 0.2821554 0.1900883 1.202371 0.2857445 0.1900883 1.186465 0.2797627 0.1900883 1.196151 0.2139353 0.1813467 1.315065 0.2221044 0.1813467 1.323861 0.216328 0.1813467 1.321285 0.2221044 0.1813467 1.197799 0.2139353 0.1813467 1.206595 0.216328 0.1813467 1.200376 0.2717744 0.1813467 1.323861 0.2799436 0.1813467 1.315065 0.2775509 0.1813467 1.321285 0.2799436 0.1813467 1.206595 0.2717744 0.1813467 1.197799 0.2775509 0.1813467 1.200376 -0.3562791 0.1900883 1.401364 -0.3562791 0.09305447 1.498398 -0.435792 0.164366 1.498398 -0.435792 0.1900883 1.470809 -0.435792 0.1866543 1.484652 -0.435792 0.1772752 1.494716 0.3562791 0.09305447 1.498398 0.3562791 0.1900883 1.401364 0.435792 0.1900883 1.470809 0.435792 0.164366 1.498398 0.435792 0.1772752 1.494716 0.435792 0.1866543 1.484652 -0.3173568 0.09305447 1.498398 -0.3173568 0.1900883 1.401364 0 0.09305447 1.498398 0 0.1900883 1.401364 0.3173568 0.1900883 1.401364 0.3173568 0.09305447 1.498398 -0.3858793 0.02607589 2.263881 -0.2975652 0.009873628 2.349121 -0.3733797 0.01751756 2.308906 -0.3442143 0.01216685 2.337057 0.3858793 0.1726483 1.49276 0.2975652 0.009873628 2.349121 0.3858793 0.02607589 2.263881 0.3442143 0.01216685 2.337057 0.3733797 0.01751756 2.308906 -0.3709837 0.1953696 1.373223 -0.3043735 0.1986888 1.355761 -0.4197457 0.1863016 1.42093 -0.4375938 0.1739144 1.486099 -0.3043735 -0.06051671 2.719446 -0.3709837 -0.05719757 2.701985 -0.4197457 -0.04812955 2.654278 -0.4375938 -0.0357424 2.589108 0.3043735 0.1986888 1.355761 0.3709837 0.1953696 1.373223 0.4197457 0.1863016 1.42093 0.4375938 0.1739144 1.486099 0.3709837 -0.05719757 2.701985 0.3043735 -0.06051671 2.719446 0.4197457 -0.04812955 2.654278 0.4375938 -0.0357424 2.589108 -0.3442143 0.1867472 1.418586 -0.2975652 -0.05089962 2.668851 -0.3733797 -0.04315137 2.628087 0.2975652 -0.05089962 2.668851 0.3858793 -0.03447628 2.582447 -0.3043735 0.07249295 1.331774 -0.3709837 0.06917381 1.349236 -0.4197457 0.0601058 1.396943 -0.4375938 0.04771864 1.462112 -0.3043735 -0.1867125 2.69546 -0.3709837 -0.1833934 2.677998 -0.4197457 -0.1743254 2.63029 -0.4375938 -0.1619382 2.565121 0.3043735 0.07249295 1.331774 0.3709837 0.06917381 1.349236 0.4197457 0.0601058 1.396943 0.4375938 0.04771864 1.462112 0.3043735 -0.1867125 2.69546 0.3709837 -0.1833934 2.677998 0.4197457 -0.1743254 2.63029 0.4375938 -0.1619382 2.565121 -0.2975652 -0.1770954 2.644864 -0.3442143 -0.1747709 2.632635 -0.3733797 -0.1693472 2.6041 -0.3858793 -0.1606721 2.55846 0.3442143 -0.1747709 2.632635 0.2975652 -0.1770954 2.644864 0.3733797 -0.1693472 2.6041 0.3858793 -0.1606721 2.55846 -0.2975652 -0.1163221 2.325134 -0.3442143 -0.1140289 2.31307 -0.3733797 -0.1086782 2.284919 -0.3858793 -0.1001198 2.239894 0.3442143 -0.1140289 2.31307 0.2975652 -0.1163221 2.325134 0.3733797 -0.1086782 2.284919 0.3858793 -0.1001198 2.239894 -0.3442143 0.2033575 1.421743 0.211736 0.147454 1.601962 0.2116278 0.1577879 1.547595 -0.2975652 0.205682 1.409514 -0.3733797 0.1979337 1.450278 -0.2116279 0.1577879 1.547595 -0.3858793 0.1892586 1.495917 -0.3313912 0.2050603 1.492445 -0.2975652 0.02648395 2.352278 -0.3442143 0.02877712 2.340214 -0.3316591 0.171195 1.670611 -0.3733797 0.03412789 2.312063 -0.211736 0.147454 1.601962 -0.3858793 0.04268622 2.267038 0.2975652 0.205682 1.409514 0.3442143 0.2033575 1.421743 0.3313912 0.2050603 1.492445 0.3733797 0.1979337 1.450278 0.3858793 0.1892586 1.495917 0.3442143 0.02877712 2.340214 0.2975652 0.02648395 2.352278 0.3733797 0.03412789 2.312063 0.3858793 0.04268622 2.267038 0.3316591 0.171195 1.670611 -0.3709837 0.2292646 1.379666 -0.3624576 0.2388923 1.396466 -0.302205 0.2418947 1.38067 -0.3043735 0.2325838 1.362204 -0.4197457 0.2201966 1.427373 -0.4049781 0.230985 1.438066 -0.4375938 0.2078095 1.492542 -0.4211227 0.2197802 1.497015 -0.3043735 -0.02662169 2.725889 -0.302205 -0.01118475 2.712126 -0.3624576 -0.008182406 2.696331 -0.3709837 -0.02330255 2.708427 -0.4049781 -2.75098e-4 2.654731 -0.4197457 -0.01423454 2.66072 -0.4211227 0.01092976 2.595782 -0.4375938 -0.001847386 2.595551 0.3043735 0.2325838 1.362204 0.302205 0.2418947 1.38067 0.3624576 0.2388923 1.396466 0.3709837 0.2292646 1.379666 0.4049781 0.230985 1.438066 0.4197457 0.2201966 1.427373 0.4211227 0.2197802 1.497015 0.4375938 0.2078095 1.492542 0.3709837 -0.02330255 2.708427 0.3624576 -0.008182406 2.696331 0.302205 -0.01118475 2.712126 0.3043735 -0.02662169 2.725889 0.4197457 -0.01423454 2.66072 0.4049781 -2.75098e-4 2.654731 0.4375938 -0.001847386 2.595551 0.4211227 0.01092976 2.595782 -0.3527404 0.2357624 1.412932 -0.2975652 0.1890717 1.406357 -0.2997336 0.2384037 1.399036 -0.3881474 0.2291779 1.447573 -0.3733797 0.1813234 1.44712 -0.4023504 0.2193205 1.499433 -0.3858793 0.1726483 1.49276 -0.2997336 -0.007693767 2.69376 -0.3442143 -0.0485751 2.656622 -0.3527404 -0.005052447 2.679864 -0.3881474 0.001531958 2.645223 -0.3858793 -0.03447628 2.582447 -0.4023504 0.01138931 2.593364 0.2997336 0.2384037 1.399036 0.2975652 0.1890717 1.406357 0.3442143 0.1867471 1.418586 0.3527404 0.2357624 1.412932 0.3733797 0.1813234 1.44712 0.3881474 0.2291779 1.447573 0.4023504 0.2193205 1.499433 0.3527404 -0.005052447 2.679864 0.3442143 -0.0485751 2.656622 0.2997336 -0.007693767 2.69376 0.3881474 0.001531958 2.645223 0.3733797 -0.04315137 2.628087 0.4023504 0.01138931 2.593364 -0.3858793 -0.0797432 1.444786 -0.3858793 -0.2263156 2.215907 -0.2975652 -0.2425179 2.301147 -0.3733797 -0.234874 2.260932 -0.3442143 -0.2402247 2.289083 0.3858793 -0.0797432 1.444786 0.2975652 -0.2425179 2.301147 0.3858793 -0.2263156 2.215907 0.3442143 -0.2402247 2.289083 0.3733797 -0.234874 2.260932 -0.3709837 -0.05702191 1.325249 -0.3043735 -0.05370277 1.307787 -0.4197457 -0.06608992 1.372956 -0.4375938 -0.07847708 1.438125 -0.3043735 -0.3129084 2.671473 -0.3709837 -0.3095892 2.654011 -0.4197457 -0.3005212 2.606303 -0.4375938 -0.288134 2.541135 0.3043735 -0.05370277 1.307787 0.3709837 -0.05702191 1.325249 0.4197457 -0.06608992 1.372956 0.4375938 -0.07847708 1.438125 0.3709837 -0.3095892 2.654011 0.3043735 -0.3129084 2.671473 0.4197457 -0.3005212 2.606303 0.4375938 -0.288134 2.541135 -0.3442143 -0.06564438 1.370612 -0.2975652 -0.06331986 1.358383 -0.2975652 -0.3032913 2.620877 0.2975652 -0.06331986 1.358383 0.3733797 -0.0710681 1.399146 0.3858793 -0.2868679 2.534473 -0.3442143 -0.0822547 1.367455 -0.3341449 -0.1001116 1.38174 -0.2950042 -0.09816128 1.371479 -0.2975652 -0.07993018 1.355225 -0.3733797 -0.08767843 1.395989 -0.3559392 -0.1041646 1.403063 -0.3858793 -0.09635353 1.441629 -0.3664269 -0.1114434 1.441357 -0.2975652 -0.2591282 2.29799 -0.2950375 -0.2701244 2.276181 -0.3342381 -0.2681973 2.266042 -0.3442143 -0.2568351 2.285925 -0.3559828 -0.264208 2.245055 -0.3733797 -0.2514843 2.257775 -0.3664269 -0.2570571 2.207433 -0.3858793 -0.242926 2.21275 0.2975652 -0.07993018 1.355225 0.2950042 -0.09816128 1.371479 0.3341449 -0.1001116 1.38174 0.3442143 -0.0822547 1.367455 0.3559392 -0.1041646 1.403063 0.3733797 -0.08767843 1.395989 0.3664269 -0.1114434 1.441357 0.3858793 -0.09635353 1.441629 0.3442143 -0.2568351 2.285925 0.3342381 -0.2681973 2.266042 0.2950375 -0.2701244 2.276181 0.2975652 -0.2591282 2.29799 0.3733797 -0.2514843 2.257775 0.3559828 -0.264208 2.245055 0.3858793 -0.242926 2.21275 0.3664269 -0.2570571 2.207433 -0.3709837 -0.09091693 1.318806 -0.3624576 -0.1060371 1.330903 -0.302205 -0.1030347 1.315107 -0.3043735 -0.08759778 1.301344 -0.4197457 -0.09998494 1.366513 -0.4049781 -0.1139444 1.372503 -0.4375938 -0.1123721 1.431683 -0.4211227 -0.1251493 1.431452 -0.3043735 -0.3468034 2.66503 -0.302205 -0.3561142 2.646563 -0.3624576 -0.3531119 2.630768 -0.3709837 -0.3434842 2.647568 -0.4049781 -0.3452045 2.589167 -0.4197457 -0.3344162 2.599861 -0.4211227 -0.3339997 2.530218 -0.4375938 -0.3220291 2.534692 0.3043735 -0.08759778 1.301344 0.302205 -0.1030347 1.315107 0.3624576 -0.1060371 1.330903 0.3709837 -0.09091693 1.318806 0.4049781 -0.1139444 1.372503 0.4197457 -0.09998494 1.366513 0.4211227 -0.1251493 1.431452 0.4375938 -0.1123721 1.431683 0.3709837 -0.3434842 2.647568 0.3624576 -0.3531119 2.630768 0.302205 -0.3561142 2.646563 0.3043735 -0.3468034 2.66503 0.4197457 -0.3344162 2.599861 0.4049781 -0.3452045 2.589167 0.4375938 -0.3220291 2.534692 0.4211227 -0.3339997 2.530218 -0.3527404 -0.109167 1.347369 -0.2997336 -0.1065257 1.333473 -0.3881474 -0.1157515 1.38201 -0.3733797 -0.0710681 1.399146 -0.4023504 -0.1256089 1.43387 -0.2997336 -0.3526232 2.628197 -0.3442143 -0.3009667 2.608648 -0.3527404 -0.3499819 2.614301 -0.3733797 -0.295543 2.580113 -0.3881474 -0.3433975 2.57966 -0.3858793 -0.2868679 2.534473 -0.4023504 -0.3335401 2.5278 0.2997336 -0.1065257 1.333473 0.3442143 -0.06564438 1.370612 0.3527404 -0.109167 1.347369 0.3881474 -0.1157515 1.38201 0.4023504 -0.1256089 1.43387 0.3527404 -0.3499819 2.614301 0.3442143 -0.3009667 2.608648 0.2975652 -0.3032913 2.620877 0.2997336 -0.3526232 2.628197 0.3881474 -0.3433975 2.57966 0.3733797 -0.295543 2.580113 0.4023504 -0.3335401 2.5278 -0.3341449 0.2147278 1.441584 -0.2950042 0.2166782 1.431323 -0.3559392 0.2106748 1.462907 -0.3664269 0.203396 1.501201 -0.2950375 0.04471504 2.336024 -0.3342381 0.04664206 2.325886 -0.3559828 0.0506314 2.304898 -0.3664269 0.05778235 2.267277 0.2950042 0.2166782 1.431323 0.3341449 0.2147278 1.441584 0.3559392 0.2106748 1.462907 0.3664269 0.203396 1.501201 0.3342381 0.04664206 2.325886 0.2950375 0.04471504 2.336024 0.3559828 0.0506314 2.304898 0.3664269 0.05778235 2.267277 0.2319684 0.1615779 1.527656 0.2321559 0.143664 1.621902 -0.2321559 0.143664 1.621902 -0.2319684 0.1615779 1.527656 0.2116278 0.09474778 1.535613 0.211736 0.08441388 1.58998 -0.211736 0.08441388 1.58998 -0.2116279 0.09474778 1.535613 -0.1794942 0.100521 2.042428 -0.1597584 0.09979015 2.046286 -0.1430272 0.09770864 2.05727 -0.1318477 0.09459352 2.073708 -0.127922 0.09091895 2.093099 -0.1318477 0.08724439 2.11249 -0.1430272 0.08412921 2.128928 -0.1597584 0.08204776 2.139912 -0.1794942 0.08131682 2.143769 -0.19923 0.08204776 2.139912 -0.1794942 0.1237927 2.099329 -0.2159613 0.08412921 2.128928 -0.2271407 0.08724439 2.11249 -0.2310664 0.09091895 2.093099 -0.2271407 0.09459352 2.073708 -0.2159613 0.09770864 2.05727 -0.19923 0.09979015 2.046286 -0.1597584 0.1326639 2.052515 -0.1794942 0.1333948 2.048658 -0.1430272 0.1305825 2.063499 -0.1318477 0.1274673 2.079938 -0.127922 0.1237927 2.099329 -0.1318477 0.1201182 2.118719 -0.1430272 0.117003 2.135158 -0.1597584 0.1149215 2.146142 -0.1794942 0.1141906 2.149999 -0.19923 0.1149215 2.146142 -0.2159613 0.117003 2.135158 -0.2271407 0.1201182 2.118719 -0.2310664 0.1237927 2.099329 -0.2271407 0.1274673 2.079938 -0.2159613 0.1305825 2.063499 -0.19923 0.1326639 2.052515 -0.1794943 0.1237928 2.099329 -0.843778 0.3739227 1.789799 -0.843778 0.2265512 2.570133 0.843778 0.3739227 1.789799 0.843778 0.2265512 2.570133 0.3562791 0.1900883 0.05807018 -0.3562791 0.1900883 0.05807018 -0.3562791 -0.1900883 0.05807018 0.3562791 -0.1900883 0.05807018</float_array>
          <technique_common>
            <accessor source="#Cube_001-mesh-positions-array" count="786" stride="3">
              <param name="X" type="float"/>
              <param name="Y" type="float"/>
              <param name="Z" type="float"/>
            </accessor>
          </technique_common>
        </source>
        <source id="Cube_001-mesh-normals">
          <float_array id="Cube_001-mesh-normals-array" count="3291">-0.4306273 0 0.9025299 -0.4634556 0.09712749 0.8807811 -0.4306276 0 0.9025297 0 1 0 0 -1 0 0 -1 0 -1 0 0 0.9859802 0 0.1668629 0.9859802 0 0.1668628 -1 0 0 -1 0 0 -1 2.72971e-6 0 -1 -4.89774e-6 0 -1 -1.3675e-7 0 -0.4548443 0.8807102 -0.1321607 -0.4380305 0.8950705 0.08353447 -0.4548469 0.8807088 0.1321603 -0.4634568 0.09712707 -0.8807805 -0.4306271 0 -0.90253 -0.4306276 0 -0.9025297 0 0 1 -0.6688448 -0.7434021 0 -0.6967597 -0.7151738 -0.05524939 -0.7217918 -0.683143 -0.1110512 -1 -1.32278e-7 1.29508e-7 -1 0 0 -0.6688453 -0.7434017 0 -0.6688449 -0.743402 0 -1 0 0 -1 5.14213e-7 0 -1 -7.50859e-7 1.21627e-7 -1 1.40547e-6 -5.36986e-7 -1 -1.0694e-6 0 -1 0 0 -1 -5.62112e-5 0 -1 -1.88503e-5 0 -0.4780638 0.145636 -0.866167 -0.5368872 0.4255757 -0.7284488 -0.5398519 0.4517224 -0.7102865 -0.5291295 0.7354022 -0.423327 -0.5218775 0.7620664 -0.3832738 -0.5218766 0.7620665 0.3832747 -0.5291334 0.7353999 0.4233259 -0.536883 0.4255774 0.7284508 -0.5398558 0.4517208 0.7102845 -0.4780655 0.1456362 0.866166 -1 9.17364e-7 0 -1 1.4125e-6 0 -1 1.10751e-6 0 -0.7427716 -0.1188486 -0.6589123 -0.78881 -0.3034714 -0.5344941 -0.7224215 -0.06456446 -0.688432 -0.7844595 -0.5344447 -0.3146303 -0.7756335 -0.5689249 -0.2733448 -0.694401 0 -0.7195883 -0.6944008 0 -0.7195885 -1 0 -5.01085e-7 -1 -2.64024e-6 -1.24854e-6 -1 -1.09996e-6 -9.22063e-7 -1 -3.349e-6 0 -1 4.68678e-6 0 -1 -1.8951e-5 0 -0.5576813 -0.8201333 0.1279569 -0.5544797 -0.8256 -0.1045811 -0.5576836 -0.8201316 -0.1279584 -0.7983978 0 -0.6021303 -0.3184636 -0.07604956 -0.9448796 -0.2748768 0 -0.9614795 -1 0 2.83313e-7 -1 3.27549e-7 0 -1 6.19133e-6 0 -1 4.15767e-6 0 -1 -2.53174e-7 0 -0.8443751 -0.08479738 -0.5289993 -0.4647591 -0.3693636 -0.8047172 -0.8996241 -0.2260203 -0.3736193 -0.5675198 -0.6934356 -0.4439238 -0.5675199 -0.6934372 0.4439213 -0.5544725 -0.825604 0.1045867 -0.4974991 -0.4490027 0.7422205 -0.4647576 -0.3693649 0.8047174 -0.3575454 -0.1478084 0.9221247 -0.3184507 -0.07605087 0.9448838 -0.9178796 -0.3397281 -0.205139 0 1 0 0 -1 0 0 -1 2.34864e-7 0 0 -1 0 0 1 0 0 1 0 0 1 -0.9859802 0 0.1668629 -0.9859802 0 0.1668628 -1.51129e-7 1 3.65409e-7 0 1 0 0 1 1.19725e-7 0 1 0 -0.2748765 0 0.9614796 -1 0 -1.25298e-6 0.4306273 0 0.9025299 0.4634566 0.09712713 0.8807805 0.4780672 0.1456356 0.8661652 1 0 0 1 0 0 -0.9859802 0 0.1668629 1 0 0 1 0 0 0 1 0 1 -1.36787e-7 0 1 1.31986e-7 0 1 8.16096e-7 0 0.4380306 0.8950706 0.08353453 0.4548436 0.8807104 -0.1321607 0.454847 0.8807088 0.1321604 0.4306271 0 -0.90253 0.4634571 0.09712707 -0.8807804 0.4306276 0 -0.9025297 0.9183974 0.3344922 -0.2113323 0.9445934 0.3015998 0.1295418 0.9183974 0.334492 0.2113328 0.6967595 -0.715174 -0.05524939 0.6688448 -0.7434021 0 0.7217916 -0.6831431 -0.1110512 1 0 1.29508e-7 1 0 1.5836e-7 1 0 0 0.6688449 -0.743402 0 0.6688453 -0.7434017 0 1 1.17879e-6 0 1 3.13622e-6 0 1 5.81579e-7 0 0.6688449 -0.7434021 0 1 -2.53174e-7 0 1 -9.82139e-7 0 1 -7.50859e-7 1.21627e-7 1 2.26211e-5 0 1 1.26976e-4 0 1 8.67746e-5 0 0 1 0 0 1 0 0.478064 0.145636 -0.8661668 0.5368877 0.4255754 -0.7284486 0.5291292 0.7354023 -0.4233272 0.539852 0.4517221 -0.7102866 0.521879 0.7620656 -0.3832734 0.5218766 0.7620665 0.3832747 0.5291334 0.7353999 0.4233259 0.5368846 0.4255769 0.72845 0.5398572 0.4517203 0.7102838 1 9.17364e-7 0 1 1.10751e-6 0 1 1.51841e-7 0 0.78881 -0.3034718 -0.5344941 0.7427716 -0.118849 -0.6589123 0.7224215 -0.0645647 -0.688432 0.7844595 -0.5344447 -0.3146303 0.7923032 -0.3306631 -0.5127549 0.7756335 -0.5689249 -0.2733448 0.694401 0 -0.7195883 1 0 -5.36986e-7 1 0 -5.01085e-7 1 -1.09996e-6 -9.22063e-7 1 -2.84472e-6 -1.24854e-6 1 -4.31637e-6 0 1 -4.31626e-6 0 1 -2.32148e-6 0 0.5544803 -0.8255994 -0.1045811 0.5576843 -0.8201313 0.1279567 0.5576843 -0.8201312 -0.1279584 0.2748792 0 -0.9614788 0.3184636 -0.07604956 -0.9448796 0.3575549 -0.1478139 -0.9221203 1 0 2.83313e-7 1 4.70044e-7 0 1 6.19133e-6 0 1 4.15767e-6 0 0.4647618 -0.3693624 -0.804716 0.5675225 -0.6934344 -0.4439225 0.4974942 -0.4490078 -0.7422207 0.5688697 -0.7040335 -0.4251165 0.5675228 -0.6934352 0.4439207 0.5544758 -0.8256018 0.1045861 0.4974991 -0.4490027 0.7422205 0.5688759 -0.7040312 0.4251121 0.4647576 -0.3693649 0.8047174 0.3575444 -0.1478084 0.9221251 1 -3.87e-7 0 1 1.39526e-6 0 0 1 0 0 1 2.34864e-7 0 1 0 0 1 0 0 0 1 0 0 1 0 0 1 0.9859802 0 0.1668629 0 1 0 0 1 0 0 1 0 0.318449 -0.07605093 0.9448845 0.2748765 0 0.9614796 1 0 -1.25298e-6 1 0 -1.25298e-6 1 -3.61944e-7 -1.13113e-6 -0.4634566 -0.09712713 0.8807805 -0.4780672 -0.1456356 0.8661652 -1 0 0 -1 0 0 -1 0 0 -1 1.36787e-7 0 -1 -1.31986e-7 0 -1 -8.16096e-7 0 -0.4380306 -0.8950706 0.08353453 -0.4548436 -0.8807104 -0.1321607 -0.454847 -0.8807088 0.1321604 -0.4634571 -0.09712707 -0.8807804 -0.6967595 0.715174 -0.05524939 -0.6688448 0.7434021 0 -0.7217916 0.6831431 -0.1110512 -1 0 1.29508e-7 -1 0 1.5836e-7 -1 0 0 -0.6688449 0.743402 0 -0.6688453 0.7434017 0 -1 -1.17879e-6 0 -1 -3.13622e-6 0 -1 -5.81579e-7 0 -0.6688449 0.7434021 0 -1 2.53174e-7 0 -1 9.82139e-7 0 -1 7.50859e-7 1.21627e-7 -1 -9.4163e-7 0 -1 -3.85802e-7 0 -1 -4.2247e-7 0 -0.478064 -0.145636 -0.8661668 -0.5368877 -0.4255754 -0.7284486 -0.5291292 -0.7354023 -0.4233272 -0.539852 -0.4517221 -0.7102866 -0.521879 -0.7620656 -0.3832734 -0.5218766 -0.7620665 0.3832747 -0.5291334 -0.7353999 0.4233259 -0.5368846 -0.4255769 0.72845 -0.5398572 -0.4517203 0.7102838 -1 -9.17364e-7 0 -1 -1.10751e-6 0 -1 -1.51841e-7 0 -0.78881 0.3034718 -0.5344941 -0.7427716 0.118849 -0.6589123 -0.7224215 0.0645647 -0.688432 -0.7844595 0.5344447 -0.3146303 -0.7923032 0.3306631 -0.5127549 -0.7756335 0.5689249 -0.2733448 -1 0 -5.36986e-7 -1 0 -5.01085e-7 -1 1.09996e-6 -9.22063e-7 -1 2.84472e-6 -1.24854e-6 -1 4.31637e-6 0 -1 4.31626e-6 0 -1 2.32148e-6 0 -0.5544803 0.8255994 -0.1045811 -0.5576843 0.8201313 0.1279567 -0.5576843 0.8201312 -0.1279584 -0.3184636 0.07604956 -0.9448796 -0.844375 0.08479756 -0.5289993 -1 -4.70044e-7 0 -1 -6.19133e-6 0 -1 -4.15767e-6 0 -0.4647618 0.3693624 -0.804716 -0.5675225 0.6934344 -0.4439225 -0.8996235 0.2260221 -0.3736196 -0.9178789 0.3397294 -0.2051393 -0.5675228 0.6934352 0.4439207 -0.5544758 0.8256018 0.1045861 -0.4974991 0.4490027 0.7422205 -0.5688759 0.7040312 0.4251121 -0.4647576 0.3693649 0.8047174 -0.3575444 0.1478084 0.9221251 0 -1 0 0 -1 0 -0.318449 0.07605093 0.9448845 0.4634556 -0.09712749 0.8807811 0.4306276 0 0.9025297 1 0 0 1 0 0 1 -2.72971e-6 0 1 4.89774e-6 0 1 1.3675e-7 0 0.4548443 -0.8807102 -0.1321607 0.4380305 -0.8950705 0.08353447 0.4548469 -0.8807088 0.1321603 0.4634568 -0.09712707 -0.8807805 0.6688448 0.7434021 0 0.6967597 0.7151738 -0.05524939 0.7217918 0.683143 -0.1110512 1 1.32278e-7 1.29508e-7 1 0 0 0.6688453 0.7434017 0 0.6688449 0.743402 0 1 0 0 1 -5.14213e-7 0 1 7.50859e-7 1.21627e-7 1 -1.40547e-6 -5.36986e-7 1 1.0694e-6 0 1 -3.85802e-7 0 1 -9.4163e-7 0 1 -4.2247e-7 0 0.4780638 -0.145636 -0.866167 0.5368872 -0.4255757 -0.7284488 0.5398519 -0.4517224 -0.7102865 0.5291295 -0.7354022 -0.423327 0.5218775 -0.7620664 -0.3832738 0.5218766 -0.7620665 0.3832747 0.5291334 -0.7353999 0.4233259 0.536883 -0.4255774 0.7284508 0.5398558 -0.4517208 0.7102845 0.4780655 -0.1456362 0.866166 1 -9.17364e-7 0 1 -1.4125e-6 0 1 -1.10751e-6 0 0.7427716 0.1188486 -0.6589123 0.78881 0.3034714 -0.5344941 0.7224215 0.06456446 -0.688432 0.7844595 0.5344447 -0.3146303 0.7756335 0.5689249 -0.2733448 0.6944008 0 -0.7195885 1 0 -5.01085e-7 1 2.64024e-6 -1.24854e-6 1 1.09996e-6 -9.22063e-7 1 3.349e-6 0 1 -4.68678e-6 0 1 1.8951e-5 0 0.5576813 0.8201333 0.1279569 0.5544797 0.8256 -0.1045811 0.5576836 0.8201316 -0.1279584 0.3184636 0.07604956 -0.9448796 0.2748768 0 -0.9614795 1 -3.27549e-7 0 1 -6.19133e-6 0 1 -4.15767e-6 0 1 2.53174e-7 0 0.3575548 0.1478145 -0.9221201 0.4647591 0.3693636 -0.8047172 0.4974953 0.4490076 -0.7422201 0.5675198 0.6934356 -0.4439238 0.5675199 0.6934372 0.4439213 0.5544725 0.825604 0.1045867 0.4974991 0.4490027 0.7422205 0.4647576 0.3693649 0.8047174 0.3575454 0.1478084 0.9221247 0.3184507 0.07605087 0.9448838 1 -2.79054e-6 0 1 -2.27762e-6 0 1.97379e-7 0 1 1 -4.87551e-7 -1.13113e-6 2.24866e-7 0 1 0 0 1 0.8342593 0 -0.5513724 0.8342593 0 -0.5513724 -0.8342593 0 -0.5513724 -0.8342593 0 -0.5513724 0 0 -1 0 0 -1 0 0 -1 0 0 -1 0 0 -1 0 0 -1 -0.2039101 0.06642621 -0.9767335 0.1700214 0.06519556 -0.9832814 0.2039099 0.06642609 -0.9767336 -0.9745481 0.1088715 0.195967 -0.9945228 0.1045213 0 -0.9945227 0.1045209 0 -0.203903 0.06642597 0.9767349 0.1700292 0.06519436 0.9832802 -0.1700294 0.0651943 0.9832802 0 1 -2.12692e-7 0 1 -1.38512e-6 0 1 -4.87225e-7 0 1 3.48665e-7 0 1 1.25881e-7 -0.7031958 -0.09800434 -0.7042094 -0.9557965 -0.2071292 -0.2086876 0.7031971 -0.09800416 -0.7042081 0.9557964 -0.2071297 -0.208688 -4.20331e-7 0 -1 0.08674472 -0.09348583 -0.9918345 0 1 3.97226e-7 0 1 -2.28422e-7 0 1 4.22002e-7 0 1 2.35716e-7 0 1 2.82859e-7 0 1 -2.85881e-7 0 1 0 -0.08674365 -0.09348601 -0.9918347 -0.6256596 -0.3933303 -0.6736775 0.6256591 -0.3933303 -0.6736781 -0.9722923 0.1109691 -0.2057514 -0.7086795 0.1028869 -0.6979883 -0.9745483 0.1088702 -0.195967 -0.6749417 0.1049197 -0.7303736 0.9722925 0.1109687 -0.205751 0.7086796 0.102887 -0.6979882 0.6749419 0.1049196 -0.7303735 0.203903 0.06642603 0.9767349 0.6749503 0.1049194 0.7303656 0.7086737 0.1028895 0.6979938 0.9722933 0.1109687 0.2057474 -0.67495 0.1049196 0.7303659 -0.7086736 0.1028894 0.6979939 -0.9722931 0.1109691 0.2057479 0.9745483 0.1088705 -0.1959667 0.9945228 0.1045204 0 0.9945228 0.1045206 0 0 0.01088953 0.9999408 0 0.01088953 0.9999408 0 0.01088953 0.9999408 0 1 0 0 1 0 0 1 0 0 1 0 0 1 0 0 1 0 0 1 0 0 1 0 0 1 0 0 0.01088953 -0.9999408 0 0.01088953 -0.9999408 0 0.01088953 -0.9999408 0.9991672 0.04080456 0 0.9991672 0.04080456 0 0.9991672 0.0408045 0 0 0.01088953 -0.9999408 0 0.01088953 -0.9999408 -0.9991672 0.0408045 0 -0.9991672 0.04080444 0 -0.9991672 0.04080456 0 0 0.01088953 0.9999408 0 0.01088953 0.9999408 0 1 0 0 1 -8.41741e-7 0 1 0 0 1 -6.53757e-7 0 1 0 0 1 0 1.13065e-6 0 1 8.21079e-6 0 1 9.0465e-7 0 1 0 0 -1 8.53048e-7 0 -1 5.65324e-7 0 -1 -0.1832305 0.98307 0 -1.13065e-6 0 -1 -8.21077e-6 0 -1 -1.36702e-6 0 -1 0 0 1 -9.66296e-7 0 1 -1.13064e-6 0 1 0.9782307 0.2075203 0 -0.1832302 0.9830701 0 -0.6893779 0.7244019 0 -0.6893777 0.7244021 0 -0.9782307 0.2075206 0 0.9782307 0.2075207 0 0.689378 0.7244019 0 0.6893774 0.7244024 0 0.1832302 0.98307 0 -0.9782307 0.2075206 0 0.1977403 0.4666019 0.8620798 -0.1681916 0.4630606 0.8702221 -0.1977388 0.4666033 0.8620793 0.1977439 0.4666027 -0.8620785 -0.1681814 0.4630618 -0.8702234 0.1681813 0.4630624 -0.8702232 3.5529e-7 1 1.33144e-6 0 1 -9.52779e-7 0 1 -4.75455e-7 0 1 4.90685e-7 0 1 -8.5598e-7 -6.76016e-7 1 1.33603e-6 8.51943e-7 1 1.43457e-6 1.61198e-7 1 1.39552e-6 4.84363e-7 1 3.05991e-6 0 1 7.15151e-7 0 1 2.06006e-7 0 1 -7.32422e-7 -7.88455e-7 1 4.86166e-6 2.00946e-7 1 -8.83126e-7 0 1 0 -0.9183961 0.3344944 -0.2113344 -0.673821 0.4526836 -0.5839887 -0.6229318 0.4624848 -0.6309229 -0.1977414 0.4666019 -0.8620795 0.6738247 0.4526807 -0.5839868 0.9445966 0.3015925 -0.1295349 -0.6738179 0.4526866 0.58399 -0.622928 0.4624868 0.6309253 -0.9183967 0.3344926 0.2113348 0.6738219 0.452683 0.5839881 0.6229298 0.4624845 0.6309252 -0.9445952 0.3015965 -0.1295363 0.6814207 0.5247061 0.5102444 -0.6814211 0.5247058 0.5102441 -0.6608052 0.5489697 0.5118288 0 0.7071069 0.7071067 0.2251551 0.6911171 0.6867768 0.2267711 0.6886855 0.6886851 0 0.707107 0.7071067 0 0.7071067 0.7071069 0 0.7071069 0.7071068 -0.2267714 0.6886853 0.6886852 -0.2251554 0.6911171 0.6867766 0 0.7071068 0.7071068 -0.9913775 -0.02446907 0.1287329 -0.9913774 0.02446919 -0.1287337 -0.9913775 0.02446913 -0.128733 -0.8626829 -0.09443861 0.4968496 -0.4480665 0.2680079 0.8528824 -0.7818797 0.3297031 0.5291125 -0.1300147 -0.1851485 0.974072 -0.4986625 -0.1618602 0.8515498 -0.1300167 -0.1851477 0.9740719 -0.8652494 -0.09361791 0.4925233 -0.8652521 -0.0936169 0.4925187 -0.9913772 -0.02446949 0.1287342 0.1300147 0.1851488 -0.9740719 0.4986616 0.1618602 -0.8515503 0.4986596 0.1618604 -0.8515514 0.8652504 0.09361708 -0.4925217 0.9913773 0.02446919 -0.1287337 0.9913775 0.02446907 -0.1287329 0.9913774 -0.02446866 0.128734 0.7841752 0.3305254 0.525188 0.8652502 -0.09361469 0.4925225 0.4353387 0.8019515 0.4090896 -0.3392959 0.9314612 0.1313716 0.5389828 0.8112368 0.2266994 0.4986583 -0.1618588 0.8515525 0.1174033 0.2552828 0.959712 0.1300153 -0.185152 0.9740713 -0.8652502 -0.09361469 0.4925224 -0.4520702 0.268359 0.8506563 -0.7841752 0.3305254 0.525188 0.435342 0.8961167 -0.08632558 -0.3392954 0.9147021 0.219542 -0.3100994 0.883512 0.3510625 -0.1300157 0.1851487 -0.9740718 0.1174019 0.5895974 -0.7991194 0.1300157 0.1851486 -0.9740718 -0.4353419 0.8961168 -0.08632558 0.1787744 0.8588746 0.4799733 0.3100994 0.8835121 0.3510625 0.5389845 0.8378364 0.08675193 -0.9913774 0.02446925 -0.1287334 -1 0 0 -0.9913772 0.02446943 -0.1287345 -0.8652513 0.0936169 -0.4925203 -0.8652476 0.09361845 -0.4925266 0.9913774 0.02446925 -0.1287334 1 0 0 1 -1.78867e-7 0 0.1300195 0.1851495 -0.9740712 0.4986623 0.1618601 -0.8515499 0.4986553 0.1618617 -0.8515538 -0.4986626 0.1618601 -0.8515498 -0.4986553 0.1618617 -0.8515538 -0.1300195 0.1851495 -0.9740712 -0.1300182 0.1851486 -0.9740716 0.934921 0.3037008 0.1835449 0.9349199 0.349866 -0.0593174 -0.1283537 -0.1851921 0.974284 0.1283537 -0.1851895 0.9742845 0.1283537 -0.1851921 0.9742841 -0.7071068 -0.7071068 0 -0.8628562 -0.5054497 0 -0.86525 0.09361708 -0.4925224 -0.452071 0.5617472 -0.6928722 -0.4986608 0.1618604 -0.8515508 0.2512298 0.7671935 0.5901675 -0.04457336 0.986315 -0.1587331 -0.1787742 0.9750789 -0.1313808 -0.9913773 0.02446913 -0.1287339 -0.8947106 0.4010558 0.1965888 -0.8947102 0.4452156 -0.03573179 -0.1174033 0.2552826 0.9597122 -0.1300153 -0.1851519 0.9740713 -0.9913774 -0.02446866 0.128734 0.4520707 0.5617473 -0.6928725 0.4986608 0.1618603 -0.8515507 0.7841759 0.5001639 -0.3672931 0.8652504 0.09361702 -0.4925217 0.9913773 0.02446913 -0.1287339 0.8947104 0.4452153 -0.03573179 -0.5389841 0.8378367 0.08675187 0.3392949 0.9314615 0.1313719 -0.5389835 0.8112363 0.2266994 0.4520702 0.268359 0.8506563 -0.2512305 0.9302214 -0.2675282 0.04457521 0.8592905 0.5095419 -0.7841759 0.5001639 -0.3672931 -0.4986584 -0.1618589 0.8515524 0.2512305 0.9302214 -0.2675282 -0.04457521 0.8592904 0.509542 0.07080388 0.9248408 -0.3737064 0.8947106 0.4010562 0.1965886 -0.2512304 0.7671936 0.5901671 0.04457336 0.9863147 -0.1587346 -0.0708031 0.7232311 0.6869671 0.3392961 0.9147021 0.2195417 -0.43534 0.8019512 0.4090888 0.1787742 0.9750789 -0.1313808 -0.07080388 0.9248408 -0.3737065 0.07080322 0.7232305 0.6869677 -0.3101006 0.9507008 -0.002420067 0.3101006 0.9507007 -0.002420067 -0.1787744 0.8588745 0.4799732 0.1300179 0.1851487 -0.9740716 -0.130015 0.1851488 -0.9740719 -0.1300179 0.1851488 -0.9740716 0.8652521 -0.0936169 0.4925187 0.9913772 -0.02446955 0.1287341 0.8652494 -0.09361791 0.4925233 0.4986628 -0.1618602 0.8515496 0.4986559 -0.1618617 0.8515534 0.1300147 -0.1851486 0.9740719 -0.8652504 0.09361708 -0.4925216 -0.8652503 0.09361708 -0.4925219 -0.4986616 0.1618602 -0.8515503 0.1300172 -0.1851478 0.9740719 0.8652476 0.09361845 -0.4925266 0.8652511 0.09361702 -0.4925205 0.4942608 -0.1623275 0.8540234 0.4942649 -0.16233 0.8540206 0.9913771 0.02446955 -0.1287347 0.8626829 -0.09443861 0.4968496 0.8626831 -0.09443944 0.4968491 -0.4942609 -0.1623275 0.8540234 -0.1283535 -0.1851895 0.9742845 0.9647631 -0.04913347 0.2584921 0.9842467 -0.0330162 0.1736909 -0.4942651 -0.16233 0.8540205 0.1300176 0.1851487 -0.9740716 -0.964763 -0.04913347 0.2584924 -0.8626834 -0.09443938 0.4968488 -0.8652501 0.09361529 -0.4925225 -0.4520721 0.5617493 -0.6928698 -0.4986631 0.1618658 -0.8515484 0.8652497 0.09361684 -0.4925228 0.8947101 0.4452157 -0.03573226 0.9913775 0.02446937 -0.1287329 -0.3415051 0.9232399 0.1760751 -0.3415287 0.923235 0.1760547 -0.341596 0.9232212 0.1759966 0.4480665 0.2680079 0.8528823 0.1158969 0.2553807 0.9598691 0.8945685 0.4006413 0.1980758 -0.1300194 0.1851502 -0.9740711 0.1174038 0.5895981 -0.7991186 0.1300172 0.1851499 -0.9740714 -0.9842467 -0.0330162 0.1736909 -0.89471 0.4452158 -0.03573226 -0.9913774 0.02446949 -0.1287332 0.7818797 0.3297031 0.5291125 -0.1158968 0.2553804 0.9598692 -0.8945683 0.4006413 0.1980758 -0.7841748 0.500164 -0.3672957 0.4986627 0.1618602 -0.8515498 0.4520733 0.5617468 -0.692871 0.784175 0.5001648 -0.3672938 -0.2965846 0.8857397 -0.3570755 -0.1174042 0.5895988 -0.7991181 -0.5142577 0.845638 -0.1429532 -0.5989645 0.7976241 0.07097476 -0.2940594 0.6925182 0.6587471 -0.07771492 0.6694414 0.7387887 -0.5125851 0.733861 0.4457631 0.2965845 0.8857396 -0.3570755 0.07870662 0.8938379 -0.4414288 0.5142577 0.845638 -0.1429532 0.2940594 0.6925181 0.6587471 0.5125851 0.733861 0.4457631 0.5987426 0.767914 0.2276303 -0.07870668 0.8938377 -0.4414288 -0.5987424 0.767914 0.2276304 0.07771492 0.6694414 0.7387887 -0.1174019 0.5895982 -0.7991188 0.4688797 0.1812673 0.8644617 0.8135687 0.2460754 0.5268328 0.4688754 0.4857971 -0.7376701 0.1226404 0.5003091 -0.8571174 0.8135672 0.422209 -0.3998104 -0.4688749 0.1812694 0.8644639 -0.1226375 0.1509431 0.9809058 -0.8135675 0.246076 0.5268344 -0.4688754 0.4857971 -0.7376701 -0.8135671 0.4222089 -0.3998103 -0.93492 0.3498658 -0.0593174 0.1226405 0.1509431 0.9809055 -0.1226405 0.5003091 -0.8571174 -0.9349207 0.3037015 0.183545 -0.9913773 0.02446931 -0.1287338 -0.8626834 -0.09444057 0.4968485 -0.4480689 -0.56224 0.6950688 -0.4942634 -0.1623326 0.854021 -0.1300153 -0.1851485 0.9740719 -0.4986588 -0.1618614 0.8515517 -0.9913774 -0.02446913 0.1287335 -0.8652498 -0.09361767 0.4925227 0.1300157 0.1851487 -0.9740719 0.8652502 0.09361714 -0.4925221 0.4986621 0.1618601 -0.8515501 0.9913773 0.02446931 -0.1287339 0.8652497 -0.09361541 0.4925234 0.8947104 -0.4452153 0.03573238 0.9913771 -0.02447056 0.1287353 -0.3392961 -0.914702 -0.2195416 0.4353392 -0.8961183 0.08632528 0.5389831 -0.8378373 -0.08675217 0.1174054 -0.589599 0.7991178 0.498661 -0.1618586 0.8515509 0.1300227 -0.1851519 0.9740703 -0.7841755 -0.5001642 0.3672937 -0.4986599 -0.1618586 0.8515516 -0.8652501 -0.09361499 0.4925227 0.4353387 -0.8019518 -0.409089 -0.3392977 -0.9314606 -0.1313717 0.5389835 -0.8112362 -0.2266995 0.1174035 -0.2552838 -0.9597117 -0.1300184 0.1851486 -0.9740715 0.1300184 0.1851487 -0.9740715 -0.4353379 -0.8019518 -0.4090896 0.1787747 -0.9750789 0.1313803 -0.2512273 -0.767194 -0.5901679 -0.9913776 0.02446889 -0.1287315 -1 0 0 -0.8652504 0.09361743 -0.4925217 0.9913776 0.02446901 -0.128732 0.4986614 0.16186 -0.8515505 0.1300193 0.1851478 -0.9740715 -0.4986624 0.1618599 -0.8515499 -0.1300211 0.1851477 -0.9740713 -0.1283513 -0.1851866 0.9742853 0.1283504 -0.1851869 0.9742854 -0.4986604 0.1618604 -0.8515509 -0.7841759 -0.3305234 -0.5251882 -0.8652506 0.09361684 -0.4925214 0.2512298 -0.9302218 0.2675278 -0.04457372 -0.8592905 -0.509542 0.07080304 -0.9248409 0.3737064 -0.8947104 -0.4010566 -0.1965886 -0.9913771 -0.02447032 0.1287353 -0.9913773 0.02446937 -0.1287338 -0.1174043 -0.5895984 0.7991182 -0.1300212 -0.1851518 0.9740706 -0.8947109 -0.4452143 0.0357325 0.4986601 0.1618605 -0.8515512 0.7841758 -0.3305237 -0.5251879 0.8652506 0.09361684 -0.4925214 0.9913773 0.02446889 -0.1287338 0.3392968 -0.9147017 -0.2195421 -0.5389832 -0.8112365 -0.2266994 -0.5389835 -0.8378371 -0.08675259 0.7841756 -0.5001642 0.3672934 0.04457372 -0.9863147 0.1587343 -0.07080221 -0.7232311 -0.6869671 -0.04457312 -0.9863147 0.1587347 0.2512277 -0.7671938 -0.5901681 0.0708031 -0.7232311 -0.686967 0.8947108 -0.4010557 -0.1965886 0.04457372 -0.8592905 -0.5095421 -0.2512298 -0.9302217 0.2675278 -0.07080334 -0.9248408 0.3737065 0.3392972 -0.9314607 -0.1313714 0.1787751 -0.8588743 -0.4799734 -0.4353388 -0.8961184 0.08632528 -0.1787751 -0.8588743 -0.4799733 -0.178775 -0.9750789 0.1313803 -0.1300165 0.1851487 -0.9740717 0.9913773 -0.02446919 0.1287336 0.8652499 -0.09361761 0.4925226 0.4986586 -0.1618614 0.8515518 0.1300153 -0.1851485 0.9740719 -0.8652504 0.09361714 -0.492522 -0.4986599 0.1618604 -0.8515512 -0.4986628 0.1618601 -0.8515497 0.8652504 0.09361749 -0.4925217 0.4942634 -0.1623326 0.854021 0.8626837 -0.09443998 0.4968481 0.9842467 -0.03301405 0.1736913 -0.9842466 -0.03301471 0.1736916 -0.452073 -0.2683599 -0.8506545 -0.8652495 0.09361743 -0.4925231 -0.498661 0.1618565 -0.8515514 0.89471 -0.4010567 -0.1965897 0.8652495 0.09361839 -0.4925229 0.9913774 0.0244711 -0.128733 -2.42857e-7 -0.9824106 -0.1867339 -3.33455e-7 -0.9824106 -0.1867339 2.91617e-7 -0.9824105 -0.186734 0.1158916 -0.5897467 0.7992298 0.8945687 -0.4453743 0.03726643 0.117403 -0.255284 -0.9597118 -0.1300141 0.18515 -0.9740718 0.130015 0.1851497 -0.9740718 0.4480691 -0.56224 0.6950685 -0.9913775 0.02446913 -0.1287328 -0.8945686 -0.4453741 0.03726673 0.7818806 -0.50084 0.3712438 -0.1158919 -0.5897455 0.7992305 -0.7818804 -0.5008403 0.371244 -0.8947096 -0.4010578 -0.1965895 0.4986605 0.1618568 -0.8515516 0.4520732 -0.2683597 -0.8506544 -0.2965851 -0.6929596 -0.6571487 -0.1174026 -0.2552841 -0.9597118 -0.07870656 -0.6695429 -0.7385916 -0.514257 -0.7342153 -0.4432467 -0.5989616 -0.7680413 -0.2266222 -0.2940576 -0.8859161 0.3587239 -0.07771211 -0.8938143 0.4416525 -0.5125838 -0.8462328 0.1454234 -0.5987455 -0.7978754 -0.06999057 0.2965856 -0.6929594 -0.6571486 0.07870626 -0.6695429 -0.7385917 0.5142571 -0.7342152 -0.4432468 0.5989621 -0.768041 -0.226622 0.2940588 -0.8859161 0.3587233 0.07771307 -0.8938151 0.4416508 0.5125835 -0.846233 0.1454233 0.5987444 -0.7978762 -0.06999057 -0.1174036 -0.2552843 -0.9597116 -0.3101006 -0.8835117 -0.3510625 -0.4520707 -0.2683576 -0.8506564 -0.4520695 -0.5617467 0.6928737 -0.3101001 -0.9507008 0.002420067 0.4520705 -0.2683576 -0.8506566 0.3101009 -0.8835116 -0.3510622 0.3101007 -0.9507007 0.002419531 0.4520702 -0.5617471 0.6928729 0.4688778 -0.4857962 0.7376692 0.1226375 -0.5003094 0.8571177 0.8135685 -0.4222085 0.399808 0.9349211 -0.349863 0.05931651 0.4688798 -0.1812673 -0.8644617 0.122639 -0.1509431 -0.9809057 0.8135691 -0.2460748 -0.5268325 0.9349209 -0.3037008 -0.1835453 -0.4688776 -0.4857962 0.7376693 -0.1226379 -0.5003091 0.8571178 -0.8135682 -0.4222086 0.3998082 -0.9349211 -0.3498631 0.05931645 -0.4688801 -0.1812672 -0.8644615 -0.1226376 -0.1509432 -0.9809058 -0.8135692 -0.2460748 -0.5268324 -0.9349208 -0.3037009 -0.1835455 6.14294e-7 0.9824106 0.1867339 1.22827e-7 0.9824106 0.1867339 3.0772e-7 0.9824106 0.1867337 5.30108e-7 0.9824106 0.1867339 7.99405e-7 0.9824106 0.1867338 -1.3244e-6 0.9824106 0.1867337 -1.02546e-6 0.9824106 0.1867339 -6.68087e-7 0.9824106 0.1867339 3.38831e-7 0.9824106 0.1867341 1.85928e-6 0.9824106 0.1867339 -6.14294e-7 0.9824106 0.1867337 -3.0772e-7 0.9824106 0.1867337 -1.22827e-7 0.9824107 0.1867333 -5.30108e-7 0.9824106 0.1867339 -7.99405e-7 0.9824106 0.1867338 1.3244e-6 0.9824106 0.1867337 6.68087e-7 0.9824106 0.1867338 1.02546e-6 0.9824106 0.1867339 -3.38831e-7 0.9824106 0.1867341 -1.85928e-6 0.9824106 0.1867339 0 0.1867349 -0.9824104 0 0.1867348 -0.9824104 0 0.1867348 -0.9824104 0 0.8705658 -0.4920522 0 0.8705657 -0.4920523 0 0.8705657 -0.4920523 0.341505 0.9232399 0.1760751 0.3415287 0.9232351 0.1760547 0.3413943 0.9232627 0.1761703 0 0.6293194 0.7771468 0 0.6293195 0.7771467 0 0.9824107 0.1867331 5.51406e-7 0.9824107 0.186733 8.25027e-7 0.9824107 0.1867331 0 0.9824105 0.1867346 -5.51406e-7 0.9824106 0.1867337 0 0.9824104 0.1867344 0 0.9824107 0.1867331 -8.25029e-7 0.9824106 0.1867337 0 0.9824106 0.1867337 0 0.9824106 0.1867339 0 0.9824106 0.1867337 -0.9999981 -3.65067e-4 0.001920461 -0.9999981 -3.65067e-4 0.001920461 -0.9999982 -3.65067e-4 0.001920461 0 -0.1867348 0.9824104 0 -0.1867348 0.9824104 0 -0.1867348 0.9824104 0.9999981 -3.64829e-4 0.001919925 0.9999981 -3.6478e-4 0.001919925 0.9999981 -3.64543e-4 0.001919925 4.26544e-6 0.1861881 -0.9825142 0.382684 0.1720154 -0.9077244 5.25203e-6 0.1861883 -0.9825142 0.7071142 0.1316534 -0.6947351 0.7071019 0.1316559 -0.6947472 0.9238807 0.07125049 -0.3759891 0.923882 0.07125002 -0.375986 1 0 0 0.9238815 -0.07125014 0.3759872 0.9238803 -0.07125073 0.3759902 0.7071097 -0.1316542 0.6947396 0.382683 -0.1720156 0.9077249 0.3826835 -0.1720151 0.9077247 -1.83772e-7 -0.1861881 0.9825142 -0.3826851 -0.1720152 0.9077241 -0.382682 -0.1720153 0.9077253 -0.7071114 -0.1316541 0.6947379 -0.9238823 -0.07124978 0.3759855 -0.9238812 -0.07125061 0.3759881 -1 0 2.75658e-7 -0.9238823 0.07125008 -0.3759855 -0.9238816 0.0712502 -0.3759871 -0.7071162 0.1316532 -0.6947332 -0.7071022 0.1316556 -0.694747 -0.3826797 0.1720157 -0.9077262 0 0.9825142 0.1861877 6.8626e-7 0.9825143 0.1861871 0 0.9825144 0.1861867 -1.37252e-6 0.9825143 0.1861874 -1.37252e-6 0.9825144 0.1861872 0 0.9825141 0.1861883 -9.15015e-7 0.982514 0.1861885 4.57511e-7 0.9825142 0.1861879 1.25815e-6 0.9825142 0.1861879 0 0.9825143 0.1861876 -1.25815e-6 0.9825142 0.1861881 -4.57514e-7 0.9825142 0.1861881 9.15014e-7 0.982514 0.1861885 0 0.9825142 0.1861883 1.37252e-6 0.9825143 0.1861872 1.37252e-6 0.9825143 0.1861875 -6.86261e-7 0.9825143 0.1861872 -0.272777 -0.9453659 -0.1785389 0 0.9826298 0.1855764 0 0.9826298 0.1855764 0 0.9826298 0.1855764 0.1810196 -0.9663963 -0.1825107 0 -0.7777876 -0.6285273 0 -0.9769996 0.2132416 0.9859802 0 0.1668629 -1 0 0 -1 0 0 -1 3.73796e-7 0 -1 6.66415e-7 0 -1 1.25161e-6 0 -1 6.44765e-6 0 -0.4380289 0.8950713 -0.08353465 -0.6688453 -0.7434017 0 -0.7923033 -0.3306629 -0.5127549 -1 -4.31637e-6 0 -1 -2.23867e-5 0 -1 -1.97681e-6 0 -1 3.40159e-5 0 -0.5688737 -0.7040329 0.4251124 0 1 2.45486e-7 -0.9859802 0 0.166863 -0.2748768 0 0.9614796 -0.9859802 0 0.1668629 1 0 0 1 1.16615e-6 0 1 6.66415e-7 0 1 6.44765e-6 0 1 2.72967e-6 0 1 -4.89812e-6 0 0.4380298 0.8950709 -0.08353459 0.6688453 -0.7434017 0 1 3.34517e-4 0 1 -1.8951e-5 0 1 9.70635e-7 0 1 3.40159e-5 0 1 -2.23867e-5 0 0 1 0 0.9859802 0 0.166863 0.2748768 0 0.9614796 1 5.43606e-7 0 1 1.19333e-4 0 0 -1 2.45486e-7 -1 -1.16615e-6 0 -1 -6.66415e-7 0 -1 -6.44765e-6 0 -1 -2.72967e-6 0 -1 4.89812e-6 0 -0.4380298 -0.8950709 -0.08353459 -0.6688453 0.7434017 0 -1 1.8951e-5 0 -1 -9.70635e-7 0 -1 -3.40159e-5 0 -1 2.23867e-5 0 0 -1 0 -1 -5.43606e-7 0 1 0 0 1 -3.73796e-7 0 1 -6.66415e-7 0 1 -1.25161e-6 0 1 -6.44765e-6 0 0.4380289 -0.8950713 -0.08353465 0.6688453 0.7434017 0 0.7923033 0.3306629 -0.5127549 1 4.31637e-6 0 1 2.23867e-5 0 1 1.97681e-6 0 1 -3.40159e-5 0 0.5688712 0.7040328 -0.4251158 0.5688737 0.7040329 0.4251124 0.8342593 0 -0.5513725 -0.8342593 0 -0.5513725 0 0 -1 0 0 -1 0 0 -1 0 0 -1 0 0 -1 0 0 -1 0 0 -1 0 0 -1 -0.1700215 0.0651955 -0.9832814 -0.9945226 0.1045221 0 -0.9945228 0.1045211 0 -0.9945226 0.1045214 0 0 1 -1.60459e-6 0 1 -2.77023e-6 0 1 -1.29289e-6 8.40662e-7 0 -1 0.9745481 0.1088716 0.1959668 0.9945228 0.1045207 0 0.9945226 0.104522 0 0.9991672 0.04080456 0 0 0.01088953 -0.9999408 -0.9991672 0.04080438 0 0 0.01088953 0.9999408 0 0 1 0 0 -1 4.10539e-6 0 -1 0.1832298 0.9830702 0 -8.21075e-6 0 1 0.1681938 0.4630603 0.8702219 0 1 -5.37479e-7 3.11396e-6 1 0 2.05181e-7 1 4.9948e-6 -3.55275e-7 1 0 -3.11384e-6 1 7.82292e-6 -2.05166e-7 1 -2.47497e-6 0 1 -8.15177e-7 0 1 -3.91148e-6 0.622936 0.4624841 -0.6309195 -0.9445928 0.3016008 0.1295432 0.6608052 0.5489697 0.5118288 -0.4986559 -0.1618617 0.8515534 0.8652503 0.09361708 -0.4925219 0.9913774 -0.02446913 0.1287331 -0.3413945 0.9232627 0.1761706 0.5989645 0.7976241 0.07097464 -0.7841745 -0.3305243 -0.5251895 0.7841747 -0.330524 -0.5251895 -1.70718e-7 -0.9824105 -0.186734 0 -0.9824106 -0.1867337 0 -0.9824106 -0.1867337 0 -0.9824106 -0.1867338 3.41436e-7 -0.9824105 -0.186734 2.35195e-7 -0.9824106 -0.1867337 2.99507e-6 -0.9824107 -0.186733 -3.05557e-6 -0.9824101 -0.1867362 -3.48911e-7 -0.9824106 -0.1867342 0 -0.9824106 -0.1867336 -9.46817e-7 -0.9824106 -0.1867342 6.11113e-6 -0.9824101 -0.1867362 -1.49754e-6 -0.9824107 -0.1867333 0 0.1867349 -0.9824104 0 0.8705657 -0.4920521 0.341596 0.9232212 0.1759968 0 0.6293193 0.7771469 0 0.9824106 0.1867339 -0.9999981 -3.65067e-4 0.001920461 0 -0.1867347 0.9824104 0.9999982 -3.65067e-4 0.001919925 0.382689 0.1720147 -0.9077225 1 0 2.51478e-7 0.7071006 -0.1316561 0.6947485 -1.83773e-7 -0.1861882 0.9825141 -0.7071043 -0.1316552 0.6947449 -1 3.31274e-7 -8.22139e-7 -0.3826888 0.172015 -0.9077226 0 0.9826298 0.1855765</float_array>
          <technique_common>
            <accessor source="#Cube_001-mesh-normals-array" count="1097" stride="3">
              <param name="X" type="float"/>
              <param name="Y" type="float"/>
              <param name="Z" type="float"/>
            </accessor>
          </technique_common>
        </source>
        <source id="Cube_001-mesh-map-0">
          <float_array id="Cube_001-mesh-map-0-array" count="9276">0.02138417 0.857634 0.001697063 0.8971405 0.001697063 0.8570437 0.1060985 0.2808666 0.01109397 0.2808666 0.03175115 0.2571945 0.8969452 0.2571931 0.8797421 0.2571931 0.8794538 0.2456054 0.5060781 0.7891566 0.6175893 0.8010922 0.5060776 0.8010922 0.07937294 0.5620312 0.06826668 0.5497696 0.07937294 0.5497952 0.6217067 0.7891566 0.729101 0.8010922 0.6175893 0.8010922 0.1143051 0.2571945 0.2257229 0.2456068 0.2257229 0.2571946 0.2257229 0.2808666 0.3371407 0.2571946 0.3371407 0.2808666 0.7820459 0.4361075 0.7848487 0.4331011 0.7886773 0.4320009 0.1060985 0.2808666 0.02011901 0.3005537 0.01109397 0.2808666 0.1143051 0.2808666 0.2257229 0.2571946 0.2257229 0.2808666 0.4080022 0.7189247 0.4489083 0.6992375 0.4479828 0.7189247 0.2257229 0.2456068 0.3371407 0.1511254 0.3371407 0.2456068 0.3371407 0.2456068 0.4310405 0.1511254 0.4310405 0.2456068 0.2257229 0.2571946 0.3371407 0.2456068 0.3371407 0.2571946 0.05664396 0.8852828 0.1511254 0.8576341 0.1511254 0.8852829 0.7831906 0.2987031 0.8667601 0.2938497 0.8711323 0.298703 0.6217232 0.7445735 0.7293298 0.7848581 0.6217215 0.7848581 0.5060946 0.7445735 0.6217215 0.7848581 0.5060929 0.7848581 0.560481 0.2987031 0.6761367 0.2938496 0.6758365 0.2987031 0.8174648 0.7891567 0.8406127 0.8010923 0.729101 0.8010922 0.6758365 0.2987031 0.7834908 0.2938497 0.7831906 0.2987031 0.8045253 0.7668371 0.8089754 0.768948 0.8127961 0.7848581 0.1668051 0.1618524 0.1668002 0.1577503 0.1668126 0.1577422 0.1668051 0.1618524 0.1688488 0.1652718 0.1667918 0.1618456 0.2456068 0.8576341 0.2571945 0.8852829 0.2456068 0.8852829 0.8417132 0.7972638 0.8447195 0.8000664 0.8406127 0.8010923 0.4002125 0.6992375 0.4040834 0.7189247 0.3962938 0.6992375 0.4040834 0.7189247 0.3932082 0.6992375 0.3962938 0.6992375 0.1004138 0.3005537 0.1060985 0.2808666 0.1101596 0.2808666 0.01109397 0.2808666 0.01597356 0.3005537 0.006948411 0.2808666 0.006948411 0.2808666 0.01285433 0.3005537 0.00382924 0.2808666 0.001697063 0.9008926 0.02138411 0.9064711 0.02138411 0.9102235 0.04505622 0.8852828 0.02138411 0.9064711 0.02138417 0.857634 0.8174648 0.7891567 0.821855 0.7880601 0.8348005 0.7956736 0.821855 0.7880601 0.8250688 0.785064 0.8348005 0.7956736 0.8250688 0.785064 0.8262453 0.7809714 0.8348005 0.7956736 0.8262453 0.7809714 0.8204001 0.7807654 0.8215766 0.7766727 0.8204001 0.7807654 0.821855 0.7880601 0.8171862 0.7837614 0.8171862 0.7837614 0.8174648 0.7891567 0.8127961 0.7848581 0.882853 0.1787052 0.8877065 0.1472206 0.8877065 0.1791666 0.8089754 0.768948 0.8171862 0.7837614 0.8127961 0.7848581 0.8089754 0.768948 0.8215766 0.7766727 0.8204001 0.7807654 0.9830489 0.620847 0.9801596 0.6177128 0.9826618 0.6192799 0.8089754 0.768948 0.8204001 0.7807654 0.8171862 0.7837614 0.8487207 0.3281487 0.8617714 0.3232911 0.8629446 0.3281487 0.05701279 0.5175566 0.05215537 0.5333864 0.05215537 0.5174197 0.7873792 0.7445736 0.7873784 0.7637029 0.7847102 0.7676654 0.7873784 0.7637029 0.7877655 0.76527 0.7847102 0.7676654 0.7877655 0.76527 0.788823 0.7664172 0.7847102 0.7676654 0.788823 0.7664172 0.7902677 0.7668371 0.7847102 0.7676654 0.05701279 0.5365946 0.05215537 0.5349078 0.05215537 0.5333864 0.8655488 0.3281487 0.8632416 0.3232911 0.8643755 0.3232911 0.8632416 0.3232911 0.8629446 0.3281487 0.8617714 0.3232911 0.8487207 0.3281487 0.848906 0.3232911 0.8503183 0.3232911 0.920243 0.3485313 0.9184615 0.3436738 0.9214546 0.3485313 0.9214546 0.3485313 0.92005 0.3436738 0.9230431 0.3485313 0.80597 0.7664172 0.8070277 0.76527 0.8089754 0.768948 0.4314535 0.2758781 0.4485585 0.2808666 0.3371407 0.2808666 0.443673 0.2642529 0.4485585 0.2808666 0.443673 0.2738084 0.4314535 0.2758781 0.3371407 0.2808666 0.3371407 0.2571946 0.8920673 0.03799653 0.8797422 0.04505491 0.8798663 0.04006624 0.001699626 0.5479198 0.01391923 0.5362946 0.01391923 0.5458501 0.9741677 0.3460456 0.9631144 0.3323507 0.9741677 0.3323507 0.8018653 0.7518233 0.79078 0.7422679 0.8018653 0.7422679 0.9658122 0.671844 0.9780226 0.6607376 0.9780484 0.671844 0.09430152 0.09034472 0.1143052 0.1511254 0.03175115 0.1511254 0.03175115 0.2571945 0.1143051 0.2456068 0.1143051 0.2571945 0.9391434 0.3436738 0.9230431 0.3485313 0.92005 0.3436738 0.8074148 0.7637029 0.821578 0.7445736 0.8215766 0.7766727 0.8262453 0.7809714 0.840615 0.744506 0.840613 0.7934352 0.1668126 0.1577422 0.1688694 0.1540424 0.1688694 0.1540424 0.2808666 0.8576341 0.3005537 0.8971405 0.2808666 0.9064714 0.03175115 0.04505628 0.01109397 0.02138423 0.1060986 0.02138423 0.8510187 0.6713871 0.7395074 0.6833226 0.7353901 0.671387 0.9066156 0.6743279 0.9188775 0.6854341 0.9066413 0.6854341 0.7353901 0.671387 0.6279957 0.6833226 0.6277818 0.671387 0.225723 0.05664402 0.1143052 0.04505628 0.225723 0.04505628 0.3371407 0.04505628 0.225723 0.02138423 0.3371407 0.02138423 0.7910205 0.3346201 0.8311928 0.3346183 0.7833634 0.3428339 0.02011907 0.001697063 0.1060986 0.02138423 0.01109397 0.02138423 0.225723 0.04505628 0.1143052 0.02138423 0.225723 0.02138423 0.4199823 0.7806532 0.4396695 0.739747 0.4396695 0.7797276 0.3371407 0.1511254 0.225723 0.05664402 0.3371407 0.05664402 0.4310405 0.1511254 0.3371407 0.05664402 0.4310405 0.05664402 0.3371407 0.05664402 0.225723 0.04505628 0.3371407 0.04505628 0.9464798 0.07869434 0.9129275 0.08130568 0.9116717 0.07869434 0.9906569 0.8991886 0.9955103 0.8156192 0.9955103 0.9035609 0.7353737 0.6268032 0.6277671 0.6670876 0.6277655 0.6268032 0.8510023 0.6268032 0.7353754 0.6670876 0.7353737 0.6268032 0.9906569 0.7085654 0.9955103 0.5929096 0.9955103 0.7082651 0.516484 0.6833226 0.5222963 0.6779039 0.5396319 0.671387 0.9906569 0.8159194 0.9955103 0.7082651 0.9955103 0.8156192 0.5668292 0.6490666 0.5443007 0.6670876 0.5525716 0.6490667 0.1547069 0.1787586 0.1506047 0.1787531 0.1547151 0.1787461 0.1506047 0.1787531 0.1471856 0.176709 0.1471856 0.176709 0.1143051 0.2456068 0.03175115 0.2456068 0.06203782 0.2362102 0.516484 0.6833226 0.5123772 0.6822968 0.5153835 0.679494 0.4199823 0.7319574 0.4396695 0.7358282 0.4396695 0.739747 0.4199823 0.7249531 0.4396695 0.7358282 0.4199823 0.7280386 0.1060986 0.02138423 0.1004139 0.001697063 0.1101597 0.02138423 0.01109397 0.02138423 0.01597356 0.001697063 0.02011907 0.001697063 0.006948411 0.02138423 0.01285439 0.001697063 0.01597356 0.001697063 0.2808666 0.9064714 0.3005537 0.9008928 0.2808666 0.9102236 0.2571945 0.8852829 0.2808666 0.8576341 0.2808666 0.9064714 0.5396319 0.671387 0.5222963 0.6779039 0.5352419 0.6702903 0.5352419 0.6702903 0.5222963 0.6779039 0.532028 0.6672943 0.532028 0.6672943 0.5222963 0.6779039 0.5308514 0.6632017 0.5366967 0.6629951 0.5308514 0.6632017 0.5355203 0.6589024 0.5366967 0.6629951 0.5352419 0.6702903 0.532028 0.6672943 0.5399107 0.6659911 0.5396319 0.671387 0.5352419 0.6702903 0.8911061 0.1786963 0.8959596 0.2101808 0.8911061 0.2149878 0.5481215 0.6511777 0.5443007 0.6670876 0.5399107 0.6659911 0.5481215 0.6511777 0.5366967 0.6629951 0.5355203 0.6589024 0.4106004 0.7272897 0.3933414 0.7272897 0.4077108 0.7241556 0.5481215 0.6511777 0.5399107 0.6659911 0.5366967 0.6629951 0.08576458 0.209754 0.0809071 0.2228047 0.0809071 0.2085808 0.4571317 0.4994386 0.4619892 0.5152685 0.4571317 0.5184768 0.5697177 0.6268032 0.5723866 0.649895 0.5697185 0.6459325 0.5697185 0.6459325 0.5723866 0.649895 0.5693314 0.6474996 0.5693314 0.6474996 0.5723866 0.649895 0.5682739 0.6486468 0.5682739 0.6486468 0.5723866 0.649895 0.5668292 0.6490666 0.4619892 0.51679 0.4571317 0.5184768 0.4619892 0.5152685 0.08576458 0.2082839 0.0809071 0.2059766 0.08576458 0.2071499 0.08576458 0.2082839 0.0809071 0.2085808 0.0809071 0.2071107 0.08576458 0.2226195 0.0809071 0.2228047 0.08576458 0.2212071 0.5469289 0.4876629 0.5517864 0.4894445 0.5517864 0.4906559 0.5469289 0.4864515 0.5517864 0.487856 0.5517864 0.4894445 0.5481215 0.6511777 0.5500692 0.6474996 0.5511268 0.6486468 0.4314535 0.02637284 0.4485585 0.02138429 0.443673 0.02844256 0.4485585 0.02138429 0.443673 0.03799802 0.443673 0.02844256 0.4314535 0.04006779 0.4313292 0.04505628 0.3371407 0.04505628 0.8560631 0.5416006 0.8676884 0.529381 0.8656186 0.5416006 0.4781106 0.3188689 0.489164 0.3051739 0.489164 0.3188689 0.4468849 0.001697123 0.4564403 0.01278257 0.4468849 0.01278257 0.8031987 0.7375184 0.7909881 0.7264121 0.8032242 0.7264121 0.05206376 0.08994013 0.03175115 0.1511254 0.03175115 0.05664396 0.1143052 0.05664396 0.03175115 0.04505628 0.1143052 0.04505628 0.5469289 0.4848629 0.5517864 0.4687626 0.5517864 0.487856 0.535519 0.6268032 0.5496813 0.6268032 0.5496821 0.6459325 0.5164817 0.6267361 0.5308499 0.6267361 0.5308514 0.6632017 0.158415 0.1766897 0.1547151 0.1787461 0.158415 0.1766897 0.02138417 0.857634 0.001697063 0.816947 0.02138417 0.8087967 0.5632002 0.05664253 0.4519519 0.04505485 0.5632002 0.04505485 0.8920672 0.2642514 0.8797421 0.2571931 0.8969452 0.2571931 0.5060819 0.6998551 0.6175941 0.6879194 0.6217104 0.699855 0.4556167 0.287085 0.4445104 0.2992956 0.4445104 0.2870595 0.6217104 0.699855 0.7291058 0.6879194 0.7293187 0.6998551 0.6744486 0.151124 0.5632002 0.05664253 0.6744486 0.05664259 0.6744486 0.05664259 0.5632002 0.04505485 0.6744486 0.04505485 0.785697 0.04505485 0.6744486 0.0213828 0.785697 0.0213828 0.8690217 0.5247294 0.8288494 0.5247277 0.8766788 0.5165162 0.4701194 0.001695573 0.5550062 0.0213828 0.460146 0.0213828 0.6744486 0.04505485 0.5632003 0.0213828 0.6744486 0.0213828 0.4489083 0.6992375 0.4879633 0.7189247 0.4479828 0.7189247 0.7856969 0.151124 0.6744486 0.05664259 0.785697 0.05664259 0.8794538 0.151124 0.785697 0.05664259 0.8794538 0.05664259 0.785697 0.05664259 0.6744486 0.04505485 0.785697 0.04505485 0.5632002 0.151124 0.4519519 0.05664253 0.5632002 0.05664253 0.8711365 0.2896415 0.7879201 0.284788 0.8759957 0.284788 0.6217232 0.7445735 0.7293332 0.704289 0.7293314 0.7445735 0.5060946 0.7445735 0.6217249 0.704289 0.6217232 0.7445735 0.6802228 0.2896415 0.5648713 0.284788 0.6804025 0.284788 0.8406174 0.6879195 0.8348048 0.6933383 0.8174686 0.6998552 0.7877404 0.2896415 0.6804025 0.284788 0.7879201 0.284788 0.7902696 0.7223101 0.8127995 0.7042891 0.8045271 0.7223101 0.9980674 0.08113259 0.9980685 0.08934611 0.9970421 0.08523952 0.9970421 0.08523952 0.9980685 0.08934611 0.9942398 0.0882461 0.9942398 0.0882461 0.9980685 0.08934611 0.9904114 0.0893467 0.8406174 0.6879195 0.8447242 0.6889454 0.8417176 0.6917482 0.4976042 0.6992375 0.4916652 0.7189247 0.4879633 0.7189247 0.5591738 0.0213828 0.5535967 0.001695573 0.5623658 0.0213828 0.5550062 0.0213828 0.5504047 0.001695573 0.5591738 0.0213828 0.460146 0.0213828 0.4660929 0.001695573 0.4701194 0.001695573 0.02138417 0.8019199 0.001697063 0.8130565 0.001697063 0.81007 0.02138417 0.8087967 0.001697063 0.8130565 0.02138417 0.8049062 0.460146 0.0213828 0.5550062 0.0213828 0.5632002 0.04505485 0.8174686 0.6998552 0.8348048 0.6933383 0.8218586 0.7009518 0.8218586 0.7009518 0.8348048 0.6933383 0.8250722 0.7039478 0.8250722 0.7039478 0.8348048 0.6933383 0.8262484 0.7080405 0.8204032 0.7083818 0.8262484 0.7080405 0.8215793 0.7124744 0.8204032 0.7083818 0.8218586 0.7009518 0.8250722 0.7039478 0.8171895 0.7053858 0.8174686 0.6998552 0.8218586 0.7009518 0.882853 0.1787052 0.8877066 0.2111127 0.882853 0.2149966 0.8089774 0.7201992 0.8127995 0.7042891 0.8171895 0.7053858 0.8089774 0.7201992 0.8204032 0.7083818 0.8215793 0.7124744 0.9657884 0.6529334 0.9830475 0.6529334 0.9686778 0.6560676 0.8089774 0.7201992 0.8171895 0.7053858 0.8204032 0.7083818 0.1339465 0.5872883 0.1290889 0.6000194 0.1290889 0.5857738 0.05701279 0.5175566 0.05215537 0.501453 0.05701279 0.4985184 0.7873792 0.7445736 0.7847122 0.7214818 0.78738 0.7254443 0.78738 0.7254443 0.7847122 0.7214818 0.7877672 0.7238772 0.7877672 0.7238772 0.7847122 0.7214818 0.7888248 0.7227299 0.7888248 0.7227299 0.7847122 0.7214818 0.7902696 0.7223101 0.05215537 0.4998552 0.05701279 0.4985184 0.05215537 0.501453 0.05215537 0.4986093 0.05701279 0.4969206 0.05215537 0.4998552 0.1339465 0.5858621 0.1290889 0.5857738 0.1290889 0.5843476 0.1339465 0.6002196 0.1290889 0.6000194 0.1339465 0.5987589 0.1339465 0.6002196 0.1290889 0.6025841 0.1290889 0.6014802 0.9566091 0.3485314 0.9582368 0.3436738 0.9597766 0.3436738 0.8089774 0.7201992 0.8070294 0.7238772 0.8059719 0.7227299 0.8798663 0.02637135 0.8969452 0.02138286 0.8920673 0.02844113 0.8969452 0.02138286 0.8920673 0.03799653 0.8920673 0.02844113 0.8794538 0.05664259 0.785697 0.05664259 0.785697 0.04505485 0.07085835 0.5339173 0.05923318 0.5461182 0.0613029 0.5339173 0.4274249 0.2847868 0.4411198 0.2958402 0.4274249 0.2958402 0.5130512 0.6695585 0.5034958 0.658473 0.5130512 0.658473 0.5078395 0.5857816 0.4955776 0.5746754 0.5078138 0.5746754 0.1511254 0.8576341 0.05664396 0.801154 0.1511254 0.801154 0.05664396 0.8576341 0.04505622 0.801154 0.05664396 0.801154 0.9550692 0.3485314 0.9391434 0.3436738 0.9582368 0.3436738 0.821578 0.7445736 0.8074157 0.7445736 0.8074164 0.7254443 0.840615 0.744506 0.8262469 0.744506 0.8262484 0.7080405 0.04505622 0.8576341 0.02138417 0.857634 0.02138417 0.8087967 0.2808666 0.8576341 0.3005537 0.8169472 0.3005537 0.8570438 0.4519519 0.257193 0.5632002 0.2456054 0.5632002 0.257193 0.8510149 0.5820853 0.7395028 0.5701497 0.8510144 0.5701498 0.9188564 0.6584752 0.906646 0.6695815 0.9066202 0.6584752 0.7353864 0.5820853 0.6279911 0.5701497 0.7395028 0.5701497 0.5632002 0.2456054 0.6744486 0.151124 0.6744486 0.2456054 0.5632002 0.257193 0.6744486 0.2456054 0.6744486 0.2571931 0.6744486 0.2808652 0.7856969 0.2571931 0.7856969 0.2808652 0.8779964 0.4232347 0.8751937 0.4262411 0.8713651 0.4273418 0.5550062 0.2808651 0.4701193 0.3005523 0.460146 0.2808651 0.5632002 0.2808651 0.6744486 0.2571931 0.6744486 0.2808652 0.4396695 0.8197082 0.4199823 0.7806532 0.4396695 0.7797276 0.6744486 0.2456054 0.7856969 0.151124 0.7856969 0.2456054 0.7856969 0.2456054 0.8794538 0.151124 0.8794538 0.2456054 0.6744486 0.2571931 0.7856969 0.2456054 0.7856969 0.2571931 0.4519519 0.2456054 0.5632002 0.151124 0.5632002 0.2456054 0.3359194 0.2896484 0.4191358 0.2847949 0.423995 0.2896484 0.7353737 0.6268032 0.6277638 0.5865187 0.7353721 0.5865187 0.8510023 0.6268032 0.7353721 0.5865187 0.8510007 0.5865187 0.1128706 0.2896484 0.2282221 0.2847949 0.2284017 0.2896484 0.5396282 0.5820853 0.5164793 0.5701497 0.6279911 0.5701497 0.2284017 0.2896484 0.3357397 0.2847949 0.3359194 0.2896484 0.5525698 0.6045396 0.5481195 0.6024286 0.5442974 0.5865187 0.08205771 0.07207489 0.0830872 0.07618069 0.08206498 0.08028841 0.0830872 0.07618069 0.08589255 0.07918447 0.08206498 0.08028841 0.08589255 0.07918447 0.08972215 0.08028131 0.08206498 0.08028841 0.5153791 0.5739782 0.5123726 0.5711755 0.5164793 0.5701497 0.4199823 0.829349 0.4396695 0.82341 0.4199823 0.8330509 0.5535966 0.3005523 0.5591738 0.2808651 0.5623658 0.2808651 0.5504047 0.3005523 0.5550062 0.2808651 0.5591738 0.2808651 0.460146 0.2808651 0.4660928 0.3005523 0.4561194 0.2808651 0.2808666 0.8019199 0.3005537 0.8130566 0.2808666 0.8049063 0.3005537 0.8130566 0.2808666 0.8087968 0.2808666 0.8049063 0.460146 0.2808651 0.4519519 0.257193 0.5632002 0.257193 0.5396282 0.5820853 0.5352382 0.5831819 0.5222921 0.5755684 0.5352382 0.5831819 0.5320246 0.586178 0.5222921 0.5755684 0.5320246 0.586178 0.5308484 0.5902706 0.5222921 0.5755684 0.5308484 0.5902706 0.5366938 0.5906113 0.5355176 0.594704 0.5366938 0.5906113 0.5352382 0.5831819 0.5399075 0.5876152 0.5399075 0.5876152 0.5396282 0.5820853 0.5442974 0.5865187 0.8911061 0.1786963 0.8959596 0.1462887 0.8959596 0.1782347 0.5481195 0.6024286 0.5399075 0.5876152 0.5442974 0.5865187 0.5481195 0.6024286 0.5355176 0.594704 0.5366938 0.5906113 0.3933426 0.7593762 0.3962322 0.7625104 0.3937298 0.7609432 0.5481195 0.6024286 0.5366938 0.5906113 0.5399075 0.5876152 0.4528295 0.5384442 0.4400985 0.5433017 0.438584 0.5384442 0.4571317 0.4994386 0.4619892 0.4833351 0.4619892 0.4993017 0.5697177 0.6268032 0.5697169 0.6076738 0.5723847 0.6037113 0.5697169 0.6076738 0.5693297 0.6061066 0.5723847 0.6037113 0.5693297 0.6061066 0.5682721 0.6049596 0.5723847 0.6037113 0.5682721 0.6049596 0.5668274 0.6045396 0.5723847 0.6037113 0.4571317 0.4804005 0.4619892 0.4817373 0.4619892 0.4833351 0.4571317 0.4788028 0.4619892 0.4804914 0.4619892 0.4817373 0.4386723 0.5433017 0.438584 0.5384442 0.4400985 0.5433017 0.4528295 0.5384442 0.4530298 0.5433017 0.451569 0.5433017 0.4530298 0.5433017 0.4553942 0.5384442 0.4541336 0.5433017 0.5469289 0.451297 0.5517864 0.4496692 0.5469289 0.4528368 0.5511251 0.6049596 0.5500674 0.6061066 0.5481195 0.6024286 0.8798663 0.2758767 0.8969452 0.2808652 0.7856969 0.2808652 0.8920672 0.2642514 0.8969452 0.2808652 0.8920672 0.2738069 0.8794538 0.2456054 0.8797421 0.2571931 0.7856969 0.2571931 0.4848908 0.5455473 0.4726898 0.5571725 0.4726898 0.5476171 0.05118256 0.5608234 0.06487745 0.5497701 0.06487745 0.5608234 0.1279488 0.6743261 0.1183933 0.6854115 0.1183933 0.6743261 0.9657773 0.6765965 0.9768836 0.688858 0.9657773 0.6888324 0.2456068 0.8011541 0.1511254 0.8576341 0.1511254 0.801154 0.2571945 0.8011541 0.2456068 0.8576341 0.2456068 0.8011541 0.5517864 0.4687626 0.5469289 0.4528368 0.5517864 0.4496692 0.5496804 0.6076738 0.535519 0.6268032 0.5355176 0.594704 0.5308484 0.5902706 0.5164817 0.6267361 0.5164796 0.5778068 0.2808666 0.8087968 0.2808666 0.8576341 0.2571945 0.8576341 0.4165844 0.8956348 0.3039515 0.8956348 0.4165844 0.8011534 0.3790695 0.5656219 0.4920824 0.5831153 0.3789095 0.58312 0.1148862 0.6743222 0.001876831 0.6918265 0.001713454 0.6743288 0.02051454 0.4724641 0.02051454 0.5125564 0.00169599 0.5287806 0.05233949 0.3614926 0.05233949 0.4015849 0.03352093 0.4178091 0.1688774 0.1465902 0.1470336 0.08203583 0.1688774 0.0797398 0.8888041 0.5678877 0.8799518 0.5897639 0.875882 0.5897639 0.849779 0.5511228 0.7852247 0.5293857 0.847483 0.5293857 0.4302315 0.5384469 0.4333562 0.5396378 0.4346505 0.5425131 0.03175115 0.1511254 0.05763918 0.2317913 0.03175115 0.2456068 0.1511254 0.8576341 0.2456068 0.8852829 0.1511254 0.8852829 0.1143052 0.1511254 0.1143051 0.2456068 0.09227079 0.2317913 0.5607579 0.6086509 0.5648363 0.6381985 0.5607677 0.6422998 0.4614338 0.3989161 0.4573675 0.3278198 0.4614338 0.3278198 0.05524671 0.4940353 0.05118048 0.4229391 0.05524671 0.4229391 0.4614316 0.4736524 0.4573653 0.4025562 0.4614316 0.4025562 0.8444802 0.3250952 0.7733839 0.3210288 0.8444802 0.3210288 0.5295298 0.4769771 0.5254586 0.4433282 0.5295285 0.4433282 0.9537732 0.7635378 0.9872615 0.6924416 0.9872615 0.7635378 0.553301 0.6086489 0.5573693 0.6422979 0.5532996 0.6422979 0.9799302 0.03528642 0.9088339 0.001700699 0.9799302 0.001700699 0.00619775 0.3807972 0.01026409 0.3097009 0.01026403 0.3807972 0.005767822 0.6263563 0.001699328 0.6559052 0.001697957 0.6222562 0.9288975 0.6177043 0.9583054 0.6177043 0.9623859 0.6221233 0.2746701 0.6422321 0.2035738 0.6086464 0.2746702 0.6086464 0.5254519 0.4396816 0.5295181 0.3685854 0.5295181 0.4396816 0.5034979 0.6086487 0.5075691 0.6422978 0.5034993 0.6422978 0.9255014 0.6511967 0.8544051 0.6177083 0.9255014 0.6177082 0.001698493 0.5837367 0.005766749 0.6173856 0.001697063 0.6173856 0.200183 0.6422318 0.1290867 0.608646 0.2001831 0.6086462 0.5464985 0.4487404 0.5424322 0.3776443 0.5464985 0.3776443 0.9799233 0.07379043 0.9088271 0.0402047 0.9799233 0.0402047 0.001698374 0.5583661 0.0353474 0.554295 0.0353474 0.5583646 0.2780677 0.6086493 0.3491639 0.6421377 0.2780677 0.6421378 0.08409482 0.1670244 0.08816319 0.2006734 0.08409345 0.2006734 0.05763918 0.2317913 0.05892753 0.234916 0.05330812 0.2369535 0.05892753 0.234916 0.06203782 0.2362102 0.05330812 0.2369535 0.08787214 0.2362102 0.09098249 0.234916 0.09631335 0.2379342 0.09098249 0.234916 0.09227079 0.2317913 0.09631335 0.2379342 0.06203782 0.160522 0.05892753 0.1618162 0.05330812 0.1597787 0.05892753 0.1618162 0.05763918 0.164941 0.05330812 0.1597787 0.09227079 0.164941 0.09098249 0.1618163 0.09631335 0.158798 0.09098249 0.1618163 0.08787214 0.160522 0.09631335 0.158798 0.9623859 0.6843815 0.9622684 0.6875063 0.9583054 0.6888005 0.5636417 0.6422809 0.5607677 0.6422998 0.5648363 0.6381985 0.001697957 0.6222562 0.004571855 0.6222741 0.005767822 0.6263563 0.9622684 0.6189985 0.9623859 0.6221233 0.9583054 0.6177043 0.8636728 0.5897639 0.859839 0.5679058 0.862948 0.5678877 0.1469162 0.1474188 0.1688774 0.1465902 0.1687504 0.1497148 0.4758021 0.7502118 0.4976603 0.7540456 0.4757843 0.7530856 0.1469162 0.07891112 0.1688774 0.0797398 0.1470336 0.08203583 0.7829287 0.5511228 0.7821 0.5294606 0.7852247 0.5293857 0.4976603 0.7219637 0.4758021 0.7257934 0.4757843 0.7229117 0.849779 0.5511228 0.8506077 0.5294606 0.8529037 0.5512039 0.891921 0.5679058 0.8880912 0.5897639 0.8888041 0.5678877 0.4976782 0.7509365 0.4758021 0.7420724 0.4758021 0.7380026 0.9173154 0.1590049 0.9659649 0.2123305 0.9173153 0.2143225 0.1730059 0.1818088 0.1143051 0.2456068 0.1435279 0.1818088 0.1730059 0.1818088 0.2257229 0.1511254 0.2257229 0.2456068 0.1435279 0.1818088 0.1143052 0.1511254 0.1435279 0.1264912 0.1730059 0.07117366 0.1143052 0.05664396 0.225723 0.05664402 0.1730059 0.1264912 0.225723 0.05664402 0.2257229 0.1511254 0.1435279 0.1264912 0.1143052 0.05664396 0.1435279 0.07117366 0.9659063 0.2722421 0.9173119 0.2189165 0.9659063 0.2169244 0.443077 0.7729584 0.4720526 0.724156 0.4725799 0.7729584 0.9659063 0.2722421 0.9173118 0.3255676 0.9173119 0.2722421 0.8544121 0.6562302 0.9032146 0.6851978 0.8544121 0.6857331 0.9173154 0.1590049 0.965965 0.1056795 0.965965 0.159005 0.01369929 0.3059754 0.001703202 0.3051694 0.03011971 0.3051694 0.002799391 0.3059754 0.001703202 0.3584948 0.001703202 0.3051694 0.01369929 0.3059754 0.03011971 0.3584948 0.01369941 0.3584948 0.01369941 0.4110142 0.001703202 0.4118203 0.002799391 0.4110142 0.002799391 0.4110142 0.001703202 0.3584948 0.002799391 0.3584948 0.01369941 0.4110142 0.03011971 0.3584948 0.03011971 0.4118203 0.3729742 0.3282439 0.3749408 0.3231417 0.3796883 0.3210283 0.3729732 0.4822537 0.3796677 0.5347731 0.3729732 0.5275576 0.3930857 0.01271432 0.3477819 0.001814424 0.3930857 0.001814424 0.3729732 0.43695 0.3749339 0.4318478 0.3796678 0.4297344 0.3729742 0.3735477 0.3796883 0.4260671 0.3729742 0.4188514 0.8951454 0.05831402 0.8842394 0.1327339 0.8842362 0.05831402 0.3477819 0.01271432 0.3426797 0.001733362 0.3477819 0.001814424 0.9833287 0.08089941 0.9942317 0.07611346 0.9942378 0.08089941 0.8951484 0.1327339 0.8842332 0.1375196 0.8842394 0.1327339 0.4434917 0.01263326 0.4383894 0.001814424 0.4434917 0.001733362 0.9942348 0.001693725 0.9833225 0.07611346 0.9833257 0.001693665 0.952894 0.08122026 0.9683399 0.07870191 0.9689984 0.08122026 0.9013085 0.04915064 0.8985947 0.06459653 0.8985947 0.04980909 0.06103515 0.1673767 0.07825464 0.1647603 0.08068662 0.1673767 0.1143052 0.05664396 0.05616515 0.06712394 0.03175115 0.05664396 0.0956754 0.06605541 0.1143052 0.05664396 0.09356027 0.08566039 0.1143052 0.1511254 0.06203782 0.160522 0.03175115 0.1511254 0.05616515 0.06712394 0.05431514 0.06783628 0.05122852 0.06664395 0.05431514 0.06783628 0.05354881 0.06955599 0.05122852 0.06664395 0.05354881 0.08566039 0.05431514 0.08738011 0.05206376 0.08994013 0.05431514 0.08738011 0.05616515 0.08809244 0.05206376 0.08994013 0.09094387 0.08809244 0.09279394 0.08738011 0.09430152 0.09034472 0.09279394 0.08738011 0.09356027 0.08566039 0.09430152 0.09034472 0.09356027 0.06955599 0.09279394 0.06783628 0.0956754 0.06605541 0.09279394 0.06783628 0.09094387 0.06712394 0.0956754 0.06605541 0.892893 0.3224489 0.8955143 0.3230389 0.8929029 0.3242984 0.8985192 0.06631624 0.9013085 0.06525498 0.9012329 0.06697475 0.9464798 0.07869434 0.9470699 0.08131551 0.9452204 0.08130568 0.8985192 0.04808938 0.9013085 0.04915064 0.8985947 0.04980909 0.9689984 0.08122026 0.9700596 0.07875013 0.9707182 0.08126842 0.8955143 0.2870427 0.8928929 0.2876408 0.8929029 0.2857871 0.9116717 0.07869434 0.9110736 0.08131551 0.909818 0.07870423 0.9518328 0.07875013 0.952894 0.08122026 0.9511743 0.08126842 0.8928929 0.2876408 0.8955044 0.3211895 0.892893 0.3224489 0.4344289 0.06982457 0.4364914 0.06230676 0.4364922 0.06640213 0.001700699 0.001983404 0.003763198 0.009501159 0.001700699 0.01321274 0.001698553 0.2456068 0.03175115 0.2571945 0.001698553 0.2571945 0.001698613 0.1511254 0.03175115 0.2456068 0.001698553 0.2456068 0.03175115 0.2571945 0.002572238 0.2808666 0.001698553 0.2571945 0.03175115 0.05664396 0.001698613 0.04505628 0.03175115 0.04505628 0.03175115 0.1511254 0.001698613 0.05664396 0.03175115 0.05664396 0.002572298 0.02138423 0.03175115 0.04505628 0.001698613 0.04505628 0.04505622 0.8852828 0.05664396 0.8576341 0.05664396 0.8852828 0.3557299 0.7477513 0.02149206 0.7861869 0.02146977 0.7479479 0.4199817 0.9877343 0.4286647 0.9916655 0.4199817 0.9927287 0.9837781 0.5696511 0.9464929 0.5894818 0.9458335 0.5696511 0.3899437 0.748014 0.3755034 0.7860546 0.375481 0.7478155 0.375481 0.7478155 0.3557522 0.7859903 0.3557299 0.7477513 0.9020601 0.9080281 0.93968 0.9278588 0.901589 0.9278588 0.93968 0.9278588 0.900302 0.9423759 0.901589 0.9278588 0.462104 0.8520801 0.481859 0.8139203 0.4818512 0.8521593 0.8161192 0.8139898 0.8358722 0.8036482 0.8358703 0.8139189 0.09698116 0.3153637 0.1118034 0.3055465 0.1125282 0.3111352 0.9844377 0.3685881 0.9939697 0.3884188 0.9837781 0.3884188 0.3755034 0.7860546 0.3899721 0.7965236 0.3755093 0.7963251 0.4560247 0.3153637 0.4412026 0.3055465 0.4588747 0.310353 0.9401512 0.7267959 0.9503821 0.9080281 0.9401511 0.9080281 0.4560246 0.5464771 0.4713462 0.5388289 0.4588747 0.5514878 0.1125282 0.3111352 0.4412026 0.3055465 0.4404775 0.3111352 0.02915579 0.5797132 0.1256952 0.6179521 0.02915561 0.6179521 0.02915579 0.5797132 0.01532596 0.6180052 0.0153262 0.5797663 0.4862668 0.6046165 0.3897273 0.6428556 0.3897271 0.6046165 0.06073677 0.9056943 0.04684877 0.9434553 0.04684877 0.9053643 0.2604863 0.9045946 0.2518033 0.9434554 0.2518033 0.9053643 0.2379152 0.9056943 0.2518033 0.9434554 0.2379152 0.9437853 0.8777366 0.946155 0.6457065 0.946155 0.9735932 0.946155 0.4425528 0.9862154 0.6197312 0.9482707 0.6197312 0.9862155 0.905378 0.3319258 0.9053781 0.09824234 0.905378 0.001702725 0.9383931 0.692448 0.949911 0.7069652 0.9396801 0.7069652 0.08659613 0.3259047 0.07692432 0.3409498 0.08165961 0.3230118 0.02149206 0.7861869 0.3557582 0.7962608 0.02149802 0.7964575 0.9837781 0.3884188 0.9939697 0.5696511 0.9837781 0.5696511 0.3557522 0.7859903 0.3755093 0.7963251 0.3557582 0.7962608 0.9401511 0.9080281 0.949911 0.9278588 0.93968 0.9278588 0.93968 0.9278588 0.948624 0.9423759 0.9383931 0.9423759 0.481859 0.8139203 0.4621139 0.8035704 0.4818611 0.8036497 0.4404774 0.5507056 0.1118033 0.5562943 0.1125282 0.5507056 0.8358703 0.8139189 0.850335 0.8034462 0.8503329 0.8137168 0.4664096 0.5359359 0.4760814 0.5208909 0.4713462 0.5388289 0.02149206 0.7861869 0.001750946 0.796545 0.001744925 0.7862743 0.9844376 0.5894818 0.9939697 0.5696511 0.9946292 0.5894817 0.4664096 0.3259047 0.4760814 0.3409498 0.4705755 0.3416856 0.481859 0.8139203 0.8161213 0.8037192 0.8161192 0.8139898 0.08659613 0.5359359 0.07692432 0.5208909 0.0824303 0.5201551 0.4560246 0.5464771 0.4412025 0.5562943 0.4404774 0.5507056 0.0969811 0.5464771 0.08165961 0.5388289 0.08659613 0.5359359 0.4705755 0.3416856 0.4760814 0.5208909 0.4705755 0.5201551 0.0824303 0.5201551 0.07692432 0.3409498 0.0824303 0.3416856 0.09698116 0.3153637 0.08165961 0.3230118 0.09413105 0.310353 0.0969811 0.5464771 0.1118033 0.5562943 0.09413099 0.5514878 0.4560247 0.3153637 0.4713463 0.3230118 0.4664096 0.3259047 0.9401511 0.9080281 0.9020602 0.7267959 0.9401512 0.7267959 0.8358624 0.852158 0.8161192 0.8139898 0.8358703 0.8139189 0.8503251 0.851956 0.8358703 0.8139189 0.8503329 0.8137168 0.9837781 0.3884188 0.9464929 0.368588 0.9844377 0.3685881 0.001722633 0.7480354 0.02149206 0.7861869 0.001744925 0.7862743 0.9396801 0.7069652 0.9003021 0.692448 0.9383931 0.692448 0.9020602 0.7267959 0.9396801 0.7069652 0.9401512 0.7267959 0.9837781 0.5696511 0.9458335 0.3884188 0.9837781 0.3884188 0.8161192 0.8139898 0.4818512 0.8521593 0.481859 0.8139203 0.03816586 0.9045946 0.04684877 0.9434553 0.03816586 0.9426856 0.6336192 0.9866711 0.6197312 0.9482707 0.6336192 0.9487265 0.4862668 0.6046165 0.5000965 0.642908 0.486267 0.6428556 0.6423022 0.9877344 0.6336192 0.9487265 0.6423022 0.9497897 0.4286647 0.9866711 0.4425528 0.9482707 0.4425528 0.9862154 0.9053254 0.08459633 0.9436171 0.0982421 0.9053781 0.09824234 0.4199817 0.9877343 0.4286648 0.9487264 0.4286647 0.9866711 0.2379152 0.9056943 0.06073677 0.9437852 0.06073677 0.9056943 0.9138588 0.3647757 0.9521509 0.3511298 0.9520978 0.3647758 0.06671106 0.5274914 0.06092756 0.5188084 0.06594127 0.5188084 0.9053254 0.3457553 0.9003449 0.3319258 0.905378 0.3319258 0.5220572 0.5345681 0.5613176 0.5050245 0.5754694 0.5346479 0.6197312 0.9862155 0.6336192 0.9916656 0.6197312 0.9912099 0.9053781 0.09824234 0.9003449 0.3319258 0.9003449 0.09824228 0.06561136 0.5049203 0.06059765 0.327742 0.06561124 0.327742 0.6423022 0.9877344 0.6336192 0.9916656 0.6336192 0.9866711 0.9139119 0.3511296 0.9088787 0.1174461 0.9139118 0.1174461 0.9053254 0.08459633 0.9003449 0.09824228 0.9002923 0.08459633 0.6197312 0.9862155 0.4425528 0.9912099 0.4425528 0.9862154 0.9138588 0.3647757 0.9088787 0.3511296 0.9139119 0.3511296 0.9138588 0.1036166 0.9088787 0.1174461 0.9088256 0.1036165 0.06594121 0.3138539 0.06059765 0.327742 0.06092751 0.3138539 0.4425528 0.9862154 0.4286647 0.9916655 0.4286647 0.9866711 0.066711 0.3051709 0.06092751 0.3138539 0.06169742 0.3051709 0.5068096 0.3364291 0.4973807 0.3473193 0.5010468 0.3334313 0.5132019 0.3299406 0.5010468 0.3334313 0.5096012 0.3247483 0.5132019 0.3299406 0.5232835 0.321027 0.5246819 0.3268182 0.7719145 0.3364013 0.7800121 0.3473193 0.7749538 0.3480719 0.7656225 0.3299276 0.7763953 0.3334313 0.7719145 0.3364013 0.7656225 0.3299276 0.754458 0.3210271 0.767956 0.3247483 0.5068096 0.535388 0.4973806 0.5244977 0.5037333 0.5237352 0.5132019 0.5418764 0.5010469 0.5383858 0.5068096 0.535388 0.5132019 0.5418764 0.5232836 0.55079 0.5096012 0.5470687 0.7719146 0.5354158 0.7800121 0.5244978 0.7763953 0.5383858 0.7656226 0.5418894 0.7763953 0.5383858 0.7679561 0.5470687 0.7656226 0.5418894 0.754458 0.5507901 0.7543441 0.5449988 0.5037333 0.5237352 0.4973807 0.3473193 0.5037333 0.3480818 0.7543441 0.3268182 0.5232835 0.321027 0.754458 0.3210271 0.4433053 0.9963226 0.6197312 0.9912099 0.6189787 0.9963228 0.5232836 0.55079 0.7543441 0.5449988 0.754458 0.5507901 0.06594127 0.5188084 0.06059765 0.5049203 0.06561136 0.5049203 0.08165961 0.3230118 0.07154518 0.3403043 0.07678014 0.3204736 0.09413105 0.310353 0.07678014 0.3204736 0.09108227 0.3059564 0.09413105 0.310353 0.1106193 0.3006427 0.1118034 0.3055465 0.4713463 0.3230118 0.4803646 0.3403043 0.4760814 0.3409498 0.4588747 0.310353 0.4751296 0.3204736 0.4713463 0.3230118 0.4588747 0.310353 0.4412905 0.3006427 0.4608275 0.3059564 0.08165961 0.5388289 0.07154518 0.5215365 0.07692432 0.5208909 0.09413099 0.5514878 0.07678014 0.5413673 0.08165961 0.5388289 0.09413099 0.5514878 0.1106193 0.561198 0.09108221 0.5558844 0.4713462 0.5388289 0.4803645 0.5215365 0.4751296 0.5413673 0.4588747 0.5514878 0.4751296 0.5413673 0.4608274 0.5558844 0.4588747 0.5514878 0.4412904 0.561198 0.4412025 0.5562943 0.07692432 0.5208909 0.07154518 0.3403043 0.07692432 0.3409498 0.1118034 0.3055465 0.4412905 0.3006427 0.4412026 0.3055465 0.9982989 0.5690055 0.9939697 0.3884188 0.998299 0.3890644 0.1106193 0.561198 0.4412025 0.5562943 0.4412904 0.561198 0.325749 0.01668679 0.3125066 0.001704096 0.3282874 0.002228975 0.334432 0.0177645 0.3282874 0.002228975 0.3388286 0.003537297 0.1422115 0.604669 0.1554024 0.5905271 0.1560438 0.6046165 0.04684877 0.9053643 0.06009119 0.8921631 0.06073677 0.9056943 0.5000964 0.604669 0.5131196 0.5907357 0.5087405 0.6047917 0.5000964 0.604669 0.4869114 0.5905271 0.5026257 0.5905868 0.1207945 0.01668673 0.134037 0.001704037 0.1346827 0.01622486 0.1121116 0.01776444 0.1182562 0.002228856 0.1207945 0.01668673 0.373211 0.5797663 0.3600201 0.5656232 0.3757374 0.5656834 0.2518033 0.9053643 0.2385608 0.8921632 0.2543417 0.8917883 0.0153262 0.5797663 0.002302944 0.5658338 0.01279675 0.5656834 0.0153262 0.5797663 0.0285111 0.5656232 0.02915579 0.5797132 0.1346827 0.01622486 0.3125066 0.001704096 0.311861 0.01622492 0.1560438 0.6046165 0.4869114 0.5905271 0.4862668 0.6046165 0.06073677 0.9056943 0.2385608 0.8921632 0.2379152 0.9056943 0.0285111 0.5656232 0.3593789 0.5797132 0.02915579 0.5797132 0.9401512 0.7267959 0.949911 0.7069652 0.9503821 0.7267959 0.02144742 0.709709 0.3557299 0.7477513 0.02146977 0.7479479 0.4199818 0.9118449 0.4286648 0.9057872 0.4286648 0.9107817 0.9464929 0.5894818 0.9078887 0.569651 0.9458335 0.5696511 0.375481 0.7478155 0.3899214 0.709775 0.3899437 0.748014 0.375481 0.7478155 0.3557077 0.7095124 0.3754587 0.7095766 0.901589 0.9278588 0.8639691 0.9080281 0.9020601 0.9080281 0.901589 0.9278588 0.862211 0.9423759 0.863498 0.9278588 0.462104 0.8520801 0.4818434 0.8903984 0.4620963 0.8903192 0.8358547 0.890397 0.8161017 0.9007386 0.8161038 0.8904678 0.5233893 0.5608268 0.5085122 0.5510096 0.5241169 0.5552381 0.8976971 0.3884188 0.9085482 0.368588 0.9078887 0.3884188 0.3754527 0.6993059 0.3899214 0.709775 0.3754587 0.7095766 0.8688849 0.5510096 0.8540078 0.5608268 0.8532802 0.5552381 0.8537382 0.9080281 0.8639691 0.7267959 0.8639691 0.9080281 0.868885 0.3198962 0.8842632 0.3275444 0.8793084 0.3304374 0.8540078 0.5608268 0.5241169 0.5552381 0.8532802 0.5552381 0.02915537 0.6561912 0.1256952 0.6179521 0.125695 0.6561912 0.01532584 0.6562443 0.02915561 0.6179521 0.02915537 0.6561912 0.3897273 0.6428556 0.4862672 0.6810946 0.3897275 0.6810946 0.04684877 0.9815465 0.06073677 0.9437852 0.06073677 0.9818763 0.2518033 0.9815464 0.2604862 0.9426856 0.2604862 0.9807766 0.2379152 0.9437853 0.2518033 0.9815464 0.2379152 0.9818763 0.8777366 0.9506846 0.9735934 0.9506846 0.6457067 0.9506847 0.6197312 0.9482707 0.4425528 0.9103261 0.6197312 0.9103261 0.6457067 0.9552142 0.9735934 0.9552142 0.8777366 0.9552142 0.863498 0.7069652 0.8519802 0.692448 0.862211 0.692448 0.4980888 0.5404685 0.4883812 0.5254235 0.4939075 0.5246877 0.02144157 0.6994384 0.3557077 0.7095124 0.02144742 0.709709 0.8976971 0.569651 0.9078887 0.3884188 0.9078887 0.569651 0.3557017 0.6992417 0.3754587 0.7095766 0.3557077 0.7095124 0.863498 0.9278588 0.8537382 0.9080281 0.8639691 0.9080281 0.8519801 0.9423759 0.863498 0.9278588 0.862211 0.9423759 0.4818434 0.8903984 0.4620942 0.9005898 0.4620963 0.8903192 0.5233893 0.3100789 0.8532803 0.3156677 0.5241169 0.3156677 0.8503172 0.890195 0.8358526 0.9006676 0.8358547 0.890397 0.8793084 0.3304374 0.8890161 0.3454824 0.8834898 0.3462182 0.001694381 0.6995258 0.02144742 0.709709 0.001700401 0.7097964 0.9085482 0.5894818 0.8976971 0.569651 0.9078887 0.569651 0.889016 0.5254235 0.8793084 0.5404685 0.8834898 0.5246877 0.8161038 0.8904678 0.4818414 0.900669 0.4818434 0.8903984 0.4883812 0.3454824 0.4980888 0.3304374 0.4939075 0.3462182 0.8540079 0.310079 0.868885 0.3198962 0.8532803 0.3156677 0.493134 0.3275444 0.5085123 0.3198962 0.4980888 0.3304374 0.8890161 0.3454824 0.8834898 0.5246877 0.8834898 0.3462182 0.4883812 0.5254235 0.4939075 0.3462182 0.4939075 0.5246877 0.5085122 0.5510096 0.493134 0.5433614 0.4980888 0.5404685 0.5085123 0.3198962 0.5233893 0.3100789 0.5241169 0.3156677 0.8842632 0.5433614 0.8688849 0.5510096 0.8793084 0.5404685 0.9020602 0.7267959 0.8639691 0.9080281 0.8639691 0.7267959 0.8161038 0.8904678 0.8358624 0.852158 0.8358547 0.890397 0.8503172 0.890195 0.8358624 0.852158 0.8503251 0.851956 0.9078887 0.3884188 0.9464929 0.368588 0.9458335 0.3884188 0.02144742 0.709709 0.001722633 0.7480354 0.001700401 0.7097964 0.862211 0.692448 0.901589 0.7069652 0.863498 0.7069652 0.8639691 0.7267959 0.901589 0.7069652 0.9020602 0.7267959 0.9458335 0.3884188 0.9078887 0.569651 0.9078887 0.3884188 0.4818512 0.8521593 0.8161038 0.8904678 0.4818434 0.8903984 0.03816586 0.9426856 0.04684877 0.9815465 0.03816586 0.9807766 0.6336192 0.9487265 0.6197312 0.9103261 0.6336192 0.9107818 0.486267 0.6428556 0.5000966 0.6811472 0.4862672 0.6810946 0.6423023 0.911845 0.6336192 0.9487265 0.6336192 0.9107818 0.4425528 0.9103261 0.4286648 0.9487264 0.4286648 0.9107817 0.9818561 0.09824198 0.9435645 0.08459609 0.9818035 0.08459591 0.4286648 0.9487264 0.4199818 0.9118449 0.4286648 0.9107817 0.06073677 0.9437852 0.2379152 0.9818763 0.06073677 0.9818763 0.9520978 0.3647758 0.9903898 0.35113 0.9903367 0.3647761 0.9747148 0.3172465 0.970471 0.3259295 0.9697012 0.3172465 0.9868892 0.3319253 0.9818035 0.3457549 0.9818561 0.3319253 0.3426356 0.3222838 0.3633216 0.5192107 0.3426356 0.5404644 0.6197312 0.9053317 0.6336192 0.9107818 0.6197312 0.9103261 0.9868892 0.09824186 0.9818561 0.3319253 0.9818561 0.09824198 0.9743849 0.12618 0.9693713 0.3033584 0.9693712 0.12618 0.6336192 0.9057874 0.6423023 0.911845 0.6336192 0.9107818 0.9903898 0.1174466 0.995423 0.3511301 0.9903898 0.35113 0.9868367 0.08459597 0.9818561 0.09824198 0.9818035 0.08459591 0.4425528 0.9053316 0.6197312 0.9103261 0.4425528 0.9103261 0.9903898 0.35113 0.9953699 0.3647761 0.9903367 0.3647761 0.9903367 0.103617 0.995423 0.1174466 0.9903898 0.1174466 0.9697012 0.1122919 0.9743849 0.12618 0.9693712 0.12618 0.4286648 0.9107817 0.4425528 0.9053316 0.4425528 0.9103261 0.9704709 0.1036089 0.9747148 0.1122919 0.9697012 0.1122919 0.09418475 0.5308535 0.08589643 0.5199632 0.09109723 0.5192008 0.1006006 0.537342 0.08957618 0.5338513 0.09418475 0.5308535 0.1118952 0.5462554 0.1006006 0.537342 0.1121233 0.5404643 0.3695742 0.5199632 0.360271 0.5308812 0.3633216 0.5192107 0.3659439 0.5338513 0.3539559 0.537355 0.360271 0.5308812 0.3539559 0.537355 0.3439254 0.5462555 0.3426356 0.5404644 0.08589643 0.3427849 0.09418469 0.3318945 0.09109723 0.3435473 0.08957618 0.3288968 0.1006006 0.3254061 0.09418469 0.3318945 0.1006006 0.3254061 0.1118952 0.3164925 0.1121233 0.3222838 0.360271 0.3318669 0.3695742 0.3427849 0.3633216 0.3435374 0.3539559 0.3253931 0.3659439 0.3288968 0.360271 0.3318669 0.3439254 0.3164925 0.3539559 0.3253931 0.3426356 0.3222838 0.08589643 0.5199632 0.09109723 0.3435473 0.09109723 0.5192008 0.3426356 0.5404644 0.1118952 0.5462554 0.1121233 0.5404643 0.3695742 0.3427849 0.3633216 0.5192107 0.3633216 0.3435374 0.3426356 0.3222838 0.1118952 0.3164925 0.3439254 0.3164925 0.9743849 0.3033584 0.9697012 0.3172465 0.9693713 0.3033584 0.493134 0.5433614 0.4839775 0.5260691 0.4883812 0.5254235 0.5056515 0.5560204 0.4892318 0.5458998 0.493134 0.5433614 0.5231963 0.5657305 0.5056515 0.5560204 0.5233893 0.5608268 0.8943102 0.5260691 0.8842632 0.5433614 0.889016 0.5254235 0.889056 0.5458998 0.8717456 0.5560204 0.8842632 0.5433614 0.8717456 0.5560204 0.8550915 0.5657306 0.8540078 0.5608268 0.4839775 0.3448368 0.493134 0.3275444 0.4883812 0.3454824 0.4892318 0.3250061 0.5056516 0.3148855 0.493134 0.3275444 0.5056516 0.3148855 0.5231963 0.3051753 0.5233893 0.3100789 0.8842632 0.3275444 0.8943102 0.3448368 0.8890161 0.3454824 0.8717456 0.3148854 0.889056 0.3250061 0.8842632 0.3275444 0.8550915 0.3051754 0.8717456 0.3148854 0.8540079 0.310079 0.4839775 0.5260691 0.4883812 0.3454824 0.4883812 0.5254235 0.8550915 0.5657306 0.5233893 0.5608268 0.8540078 0.5608268 0.8943102 0.3448368 0.889016 0.5254235 0.8890161 0.3454824 0.8540079 0.310079 0.5231963 0.3051753 0.8550915 0.3051754 0.5633704 0.01513862 0.576613 0.002296984 0.5772585 0.0156005 0.1422119 0.6811471 0.1291841 0.6952541 0.1335616 0.6812698 0.155403 0.6950454 0.1422119 0.6811471 0.1560441 0.6810946 0.06009131 0.9962769 0.04684877 0.9815465 0.06073677 0.9818763 0.04431045 0.995902 0.03816586 0.9807766 0.04684877 0.9815465 0.5000966 0.6811472 0.486912 0.6950454 0.4862672 0.6810946 0.7550824 0.002296984 0.7683249 0.01513868 0.7544368 0.01560056 0.3862384 0.6703519 0.3732106 0.6562442 0.381861 0.656368 0.3732106 0.6562442 0.3600195 0.6701413 0.3593784 0.6561912 0.2518033 0.9815464 0.2385608 0.9962769 0.2379152 0.9818763 0.2604862 0.9807766 0.2543417 0.995902 0.2518033 0.9815464 0.02851057 0.6701413 0.01532584 0.6562443 0.02915537 0.6561912 0.576613 0.002296984 0.7544368 0.01560056 0.5772585 0.0156005 0.4862672 0.6810946 0.155403 0.6950454 0.1560441 0.6810946 0.2385608 0.9962769 0.06073677 0.9818763 0.2379152 0.9818763 0.02915537 0.6561912 0.3600195 0.6701413 0.02851057 0.6701413 0.8537381 0.7267959 0.863498 0.7069652 0.8639691 0.7267959 0.5220572 0.3372488 0.5037333 0.3480818 0.5068096 0.3364291 0.5220572 0.3372488 0.5068096 0.3364291 0.5132019 0.3299406 0.5220572 0.3372488 0.5132019 0.3299406 0.5246819 0.3268182 0.5754694 0.3371691 0.7719145 0.3364013 0.7749538 0.3480719 0.5754694 0.3371691 0.7656225 0.3299276 0.7719145 0.3364013 0.5754694 0.3371691 0.7543441 0.3268182 0.7656225 0.3299276 0.5220572 0.5345681 0.5068096 0.535388 0.5037333 0.5237352 0.5220572 0.5345681 0.5132019 0.5418764 0.5068096 0.535388 0.5220572 0.5345681 0.5246819 0.5449987 0.5132019 0.5418764 0.5754694 0.5346479 0.7749539 0.5237452 0.7719146 0.5354158 0.5754694 0.5346479 0.7719146 0.5354158 0.7656226 0.5418894 0.5754694 0.5346479 0.7656226 0.5418894 0.7543441 0.5449988 0.5220572 0.5345681 0.5037333 0.3480818 0.5220572 0.3372488 0.5754694 0.3371691 0.5246819 0.3268182 0.7543441 0.3268182 0.5754694 0.3371691 0.7749539 0.5237452 0.5754694 0.5346479 0.5754694 0.5346479 0.5246819 0.5449987 0.5220572 0.5345681 0.04778927 0.5490142 0.02876126 0.4229409 0.04778933 0.4229409 0.5754694 0.5346479 0.5613176 0.3667925 0.5754694 0.3371691 0.5220572 0.3372488 0.5613176 0.3667925 0.5330638 0.3668484 0.4467011 0.2490787 0.4344401 0.08135896 0.4467011 0.05175942 0.5553401 0.4989451 0.5330638 0.5049687 0.5390414 0.4989129 0.5553401 0.3728718 0.5330638 0.3668484 0.5613176 0.3667925 0.5553401 0.4989451 0.5613176 0.3667925 0.5613176 0.5050245 0.5390414 0.4989129 0.5330638 0.3668484 0.5390413 0.372904 0.900664 0.01799732 0.7746229 0.001698613 0.9006963 0.001698672 0.1469272 0.1725387 0.1634027 0.1534371 0.1634027 0.1725391 0.8543998 0.6140163 0.9804088 0.5950614 0.9804088 0.6140164 0.07750457 0.2268931 0.06102907 0.2077915 0.07750463 0.2077911 0.8828301 0.2299755 0.8928555 0.2240999 0.8927522 0.2299755 0.8928555 0.2240999 0.883228 0.2191188 0.89315 0.2191188 0.8894737 0.2847962 0.8794667 0.2897762 0.8795136 0.2847962 0.8894268 0.289776 0.8794502 0.2956513 0.8794667 0.2897762 0.8794502 0.2956513 0.8894268 0.3015273 0.8794667 0.3015273 0.8894268 0.3015273 0.8795137 0.3065097 0.8794667 0.3015273 0.05694711 0.08193343 0.06192821 0.0724622 0.06192821 0.08234632 0.06192821 0.0724622 0.06780385 0.08249139 0.06192821 0.08234632 0.06780385 0.08249139 0.07367944 0.0724622 0.07367944 0.08234632 0.07367944 0.0724622 0.0786606 0.08193343 0.07367944 0.08234632 0.9173111 0.340063 0.9222936 0.3301504 0.9222936 0.3401105 0.9222936 0.3301504 0.9281696 0.3401272 0.9222936 0.3401105 0.9281696 0.3401272 0.9340449 0.3301504 0.9340447 0.3401105 0.9340447 0.3401105 0.9390247 0.3301029 0.9390246 0.340063 0.883228 0.2408323 0.8928556 0.2358511 0.89315 0.2408323 0.8928556 0.2358511 0.8828301 0.2299755 0.8927522 0.2299755 0.3674678 0.6237139 0.3525635 0.6267689 0.3525635 0.6207806 0.3674678 0.6237139 0.3548324 0.6322921 0.3525635 0.6267689 0.3674678 0.6237139 0.3590251 0.6365094 0.3548324 0.6322921 0.3674678 0.6237139 0.364503 0.6387787 0.3590251 0.6365094 0.3674678 0.6237139 0.3704322 0.6387544 0.364503 0.6387787 0.3674678 0.6237139 0.3759102 0.6364403 0.3704322 0.6387544 0.3674678 0.6237139 0.3801029 0.6321889 0.3759102 0.6364403 0.3674678 0.6237139 0.382372 0.6266471 0.3801029 0.6321889 0.3674678 0.6237139 0.382372 0.6206588 0.382372 0.6266471 0.3674678 0.6237139 0.3801031 0.6151356 0.382372 0.6206588 0.3674678 0.6237139 0.3759105 0.6109184 0.3801031 0.6151356 0.3674678 0.6237139 0.3704326 0.6086491 0.3759105 0.6109184 0.3674678 0.6237139 0.3645033 0.6086733 0.3704326 0.6086491 0.3674678 0.6237139 0.3590253 0.6109874 0.3645033 0.6086733 0.3674678 0.6237139 0.3548327 0.6152389 0.3590253 0.6109874 0.3674678 0.6237139 0.3525635 0.6207806 0.3548327 0.6152389 0.6032605 0.7350394 0.998466 0.4754967 0.9982134 0.9445544 0.9985045 0.4706745 0.001495778 0.001503348 0.9985045 0.001503467 0.001503229 0.9445543 0.001755714 0.4754967 0.6032605 0.7350394 0.9982134 0.9445544 0.001503229 0.9445543 0.6032605 0.7350394 0.001755714 0.4754967 0.998466 0.4754967 0.6032605 0.7350394 0.443673 0.03799802 0.4313292 0.04505628 0.4314535 0.04006779 0.4485585 0.04505634 0.4310405 0.05664402 0.4313292 0.04505628 0.443673 0.2642529 0.4313292 0.2571946 0.4485585 0.2571946 0.4485585 0.2571946 0.4313292 0.2571946 0.4310405 0.2456068 0.8969452 0.04505491 0.8794538 0.05664259 0.8797422 0.04505491 0.02138417 0.857634 0.02138411 0.9064711 0.001697063 0.8971405 0.1143051 0.2571945 0.1143051 0.2808666 0.1060985 0.2808666 0.03175115 0.2571945 0.1143051 0.2571945 0.1060985 0.2808666 0.1060985 0.2808666 0.01109397 0.2808666 0.01109397 0.2808666 0.5060781 0.7891566 0.6217067 0.7891566 0.6175893 0.8010922 0.07937294 0.5620312 0.06826668 0.5620057 0.06826668 0.5497696 0.6217067 0.7891566 0.7293149 0.7891566 0.729101 0.8010922 0.1143051 0.2571945 0.1143051 0.2456068 0.2257229 0.2456068 0.2257229 0.2808666 0.2257229 0.2571946 0.3371407 0.2571946 0.7886773 0.4320009 0.8288494 0.4320026 0.7810201 0.4402141 0.8288494 0.4320026 0.8288494 0.5247277 0.7810201 0.4402141 0.8288494 0.5247277 0.7886772 0.524726 0.7810201 0.5165121 0.7886772 0.524726 0.7848486 0.5236254 0.7820459 0.520619 0.8288494 0.5247277 0.7810201 0.5165121 0.7810201 0.4402141 0.7820459 0.520619 0.7810201 0.5165121 0.7886772 0.524726 0.7810201 0.4402141 0.7820459 0.4361075 0.7886773 0.4320009 0.1060985 0.2808666 0.09635269 0.3005537 0.02011901 0.3005537 0.1143051 0.2808666 0.1143051 0.2571945 0.2257229 0.2571946 0.4080022 0.7189247 0.4002125 0.6992375 0.4489083 0.6992375 0.2257229 0.2456068 0.2257229 0.1511254 0.3371407 0.1511254 0.3371407 0.2456068 0.3371407 0.1511254 0.4310405 0.1511254 0.2257229 0.2571946 0.2257229 0.2456068 0.3371407 0.2456068 0.05664396 0.8852828 0.05664396 0.8576341 0.1511254 0.8576341 0.7831906 0.2987031 0.7834908 0.2938497 0.8667601 0.2938497 0.6217232 0.7445735 0.7293314 0.7445735 0.7293298 0.7848581 0.5060946 0.7445735 0.6217232 0.7445735 0.6217215 0.7848581 0.560481 0.2987031 0.5607813 0.2938496 0.6761367 0.2938496 0.729101 0.8010922 0.7293149 0.7891566 0.8174648 0.7891567 0.8174648 0.7891567 0.8348005 0.7956736 0.8406127 0.8010923 0.6758365 0.2987031 0.6761367 0.2938496 0.7834908 0.2938497 0.7293298 0.7848581 0.7847102 0.7676654 0.8127961 0.7848581 0.7847102 0.7676654 0.7902677 0.7668371 0.8127961 0.7848581 0.7902677 0.7668371 0.8045253 0.7668371 0.8127961 0.7848581 0.1668051 0.1618524 0.1667918 0.1618456 0.1668002 0.1577503 0.1668051 0.1618524 0.1688488 0.1652718 0.1688488 0.1652718 0.2456068 0.8576341 0.2571945 0.8576341 0.2571945 0.8852829 0.8406127 0.8010923 0.840613 0.7934352 0.8417132 0.7972638 0.8447195 0.8000664 0.8488262 0.8010923 0.8406127 0.8010923 0.4002125 0.6992375 0.4080022 0.7189247 0.4040834 0.7189247 0.4040834 0.7189247 0.4009979 0.7189247 0.3932082 0.6992375 0.1004138 0.3005537 0.09635269 0.3005537 0.1060985 0.2808666 0.01109397 0.2808666 0.02011901 0.3005537 0.01597356 0.3005537 0.006948411 0.2808666 0.01597356 0.3005537 0.01285433 0.3005537 0.001697063 0.9008926 0.001697063 0.8971405 0.02138411 0.9064711 0.02138417 0.857634 0.04505622 0.8576341 0.04505622 0.8852828 0.02138411 0.9064711 0.02138411 0.9064711 0.02138417 0.857634 0.8262453 0.7809714 0.8250688 0.785064 0.8204001 0.7807654 0.8204001 0.7807654 0.8250688 0.785064 0.821855 0.7880601 0.8171862 0.7837614 0.821855 0.7880601 0.8174648 0.7891567 0.882853 0.1787052 0.882853 0.1424137 0.8877065 0.1472206 0.9830489 0.620847 0.9830482 0.6368902 0.9657891 0.6368902 0.9657891 0.6368902 0.9657898 0.6208469 0.9830489 0.620847 0.9657898 0.6208469 0.966177 0.6192799 0.9686794 0.6177127 0.9830489 0.620847 0.9657898 0.6208469 0.9686794 0.6177127 0.966177 0.6192799 0.9672346 0.6181327 0.9686794 0.6177127 0.9686794 0.6177127 0.9801596 0.6177128 0.9830489 0.620847 0.9801596 0.6177128 0.9816042 0.6181327 0.9826618 0.6192799 0.8487207 0.3281487 0.8503183 0.3232911 0.8617714 0.3232911 0.05701279 0.5175566 0.05701279 0.5365946 0.05215537 0.5333864 0.7293298 0.7848581 0.7293314 0.7445735 0.7847102 0.7676654 0.7293314 0.7445735 0.7873792 0.7445736 0.7847102 0.7676654 0.05701279 0.5365946 0.05701279 0.5381161 0.05215537 0.5349078 0.8655488 0.3281487 0.8644148 0.3281487 0.8632416 0.3232911 0.8632416 0.3232911 0.8644148 0.3281487 0.8629446 0.3281487 0.8487207 0.3281487 0.8473083 0.3281487 0.848906 0.3232911 0.920243 0.3485313 0.91725 0.3436738 0.9184615 0.3436738 0.9214546 0.3485313 0.9184615 0.3436738 0.92005 0.3436738 0.8089754 0.768948 0.8045253 0.7668371 0.80597 0.7664172 0.8070277 0.76527 0.8074148 0.7637029 0.8089754 0.768948 0.4314535 0.2758781 0.443673 0.2738084 0.4485585 0.2808666 0.443673 0.2642529 0.4485585 0.2571946 0.4485585 0.2808666 0.3371407 0.2571946 0.3371407 0.2456068 0.4310405 0.2456068 0.4313292 0.2571946 0.4314535 0.2621831 0.3371407 0.2571946 0.4314535 0.2621831 0.4314535 0.2758781 0.3371407 0.2571946 0.3371407 0.2571946 0.4310405 0.2456068 0.4313292 0.2571946 0.8920673 0.03799653 0.8969452 0.04505491 0.8797422 0.04505491 0.001699626 0.5479198 0.001699626 0.5342249 0.01391923 0.5362946 0.9741677 0.3460456 0.9631144 0.3460456 0.9631144 0.3323507 0.8018653 0.7518233 0.79078 0.7518233 0.79078 0.7422679 0.9658122 0.671844 0.9657865 0.6607377 0.9780226 0.6607376 0.03175115 0.1511254 0.05206376 0.08994013 0.09430152 0.09034472 0.05206376 0.08994013 0.05616515 0.08809244 0.09430152 0.09034472 0.05616515 0.08809244 0.09094387 0.08809244 0.09430152 0.09034472 0.03175115 0.2571945 0.03175115 0.2456068 0.1143051 0.2456068 0.9391434 0.3436738 0.9390561 0.3485314 0.9230431 0.3485313 0.8215766 0.7766727 0.8089754 0.768948 0.8074148 0.7637029 0.8074148 0.7637029 0.8074157 0.7445736 0.821578 0.7445736 0.8406127 0.8010923 0.8348005 0.7956736 0.840613 0.7934352 0.8348005 0.7956736 0.8262453 0.7809714 0.840613 0.7934352 0.8262453 0.7809714 0.8262469 0.744506 0.840615 0.744506 0.1668126 0.1577422 0.1668002 0.1577503 0.1688694 0.1540424 0.2808666 0.8576341 0.3005537 0.8570438 0.3005537 0.8971405 0.1060986 0.02138423 0.1143052 0.02138423 0.1143052 0.04505628 0.1060986 0.02138423 0.1143052 0.04505628 0.03175115 0.04505628 0.01109397 0.02138423 0.01109397 0.02138423 0.1060986 0.02138423 0.8510187 0.6713871 0.8510192 0.6833227 0.7395074 0.6833226 0.9066156 0.6743279 0.9188517 0.6743279 0.9188775 0.6854341 0.7353901 0.671387 0.7395074 0.6833226 0.6279957 0.6833226 0.225723 0.05664402 0.1143052 0.05664396 0.1143052 0.04505628 0.3371407 0.04505628 0.225723 0.04505628 0.225723 0.02138423 0.8311928 0.3346183 0.8311928 0.4273434 0.7833634 0.4191319 0.8311928 0.4273434 0.7910205 0.427345 0.7833634 0.4191319 0.7910205 0.427345 0.7871919 0.4262448 0.7843893 0.4232385 0.7843893 0.4232385 0.7833634 0.4191319 0.7910205 0.427345 0.7833634 0.4191319 0.7833634 0.3428339 0.8311928 0.3346183 0.7833634 0.3428339 0.7843893 0.3387272 0.7910205 0.3346201 0.7843893 0.3387272 0.7871919 0.3357207 0.7910205 0.3346201 0.02011907 0.001697063 0.09635275 0.001697063 0.1060986 0.02138423 0.225723 0.04505628 0.1143052 0.04505628 0.1143052 0.02138423 0.4199823 0.7806532 0.4199823 0.7319574 0.4396695 0.739747 0.3371407 0.1511254 0.2257229 0.1511254 0.225723 0.05664402 0.4310405 0.1511254 0.3371407 0.1511254 0.3371407 0.05664402 0.3371407 0.05664402 0.225723 0.05664402 0.225723 0.04505628 0.9464798 0.07869434 0.9452204 0.08130568 0.9129275 0.08130568 0.9906569 0.8991886 0.9906569 0.8159194 0.9955103 0.8156192 0.7353737 0.6268032 0.7353754 0.6670876 0.6277671 0.6670876 0.8510023 0.6268032 0.851004 0.6670877 0.7353754 0.6670876 0.9906569 0.7085654 0.9906569 0.5932099 0.9955103 0.5929096 0.5396319 0.671387 0.6277818 0.671387 0.6279957 0.6833226 0.6279957 0.6833226 0.516484 0.6833226 0.5396319 0.671387 0.9906569 0.8159194 0.9906569 0.7085654 0.9955103 0.7082651 0.5668292 0.6490666 0.5723866 0.649895 0.5443007 0.6670876 0.5723866 0.649895 0.6277671 0.6670876 0.5443007 0.6670876 0.5443007 0.6670876 0.5481215 0.6511777 0.5525716 0.6490667 0.1547069 0.1787586 0.1506116 0.1787664 0.1506047 0.1787531 0.1506047 0.1787531 0.1506116 0.1787664 0.1471856 0.176709 0.03175115 0.2456068 0.05330812 0.2369535 0.06203782 0.2362102 0.06203782 0.2362102 0.08787214 0.2362102 0.1143051 0.2456068 0.08787214 0.2362102 0.09631335 0.2379342 0.1143051 0.2456068 0.5153835 0.679494 0.5164837 0.6756655 0.516484 0.6833226 0.516484 0.6833226 0.5082705 0.6833226 0.5123772 0.6822968 0.4199823 0.7319574 0.4199823 0.7280386 0.4396695 0.7358282 0.4199823 0.7249531 0.4396695 0.7327427 0.4396695 0.7358282 0.1060986 0.02138423 0.09635275 0.001697063 0.1004139 0.001697063 0.01109397 0.02138423 0.006948411 0.02138423 0.01597356 0.001697063 0.006948411 0.02138423 0.00382924 0.02138423 0.01285439 0.001697063 0.2808666 0.9064714 0.3005537 0.8971405 0.3005537 0.9008928 0.2571945 0.8852829 0.2571945 0.8576341 0.2808666 0.8576341 0.2808666 0.9064714 0.2808666 0.9064714 0.2571945 0.8852829 0.5366967 0.6629951 0.532028 0.6672943 0.5308514 0.6632017 0.5366967 0.6629951 0.5399107 0.6659911 0.5352419 0.6702903 0.5399107 0.6659911 0.5443007 0.6670876 0.5396319 0.671387 0.8911061 0.1786963 0.8959596 0.1782347 0.8959596 0.2101808 0.410601 0.7433329 0.393342 0.7433329 0.3933414 0.7272897 0.3933414 0.7272897 0.3937284 0.7257226 0.3962306 0.7241556 0.3937284 0.7257226 0.3947859 0.7245755 0.3962306 0.7241556 0.3962306 0.7241556 0.4077108 0.7241556 0.3933414 0.7272897 0.4077108 0.7241556 0.4091555 0.7245755 0.4102131 0.7257226 0.4102131 0.7257226 0.4106004 0.7272897 0.4077108 0.7241556 0.4106004 0.7272897 0.410601 0.7433329 0.3933414 0.7272897 0.08576458 0.209754 0.08576458 0.2212071 0.0809071 0.2228047 0.4571317 0.4994386 0.4619892 0.4993017 0.4619892 0.5152685 0.5697177 0.6268032 0.6277655 0.6268032 0.5723866 0.649895 0.6277655 0.6268032 0.6277671 0.6670876 0.5723866 0.649895 0.4619892 0.51679 0.4571317 0.5199982 0.4571317 0.5184768 0.08576458 0.2082839 0.0809071 0.2071107 0.0809071 0.2059766 0.08576458 0.2082839 0.08576458 0.209754 0.0809071 0.2085808 0.08576458 0.2226195 0.0809071 0.2242172 0.0809071 0.2228047 0.5469289 0.4876629 0.5469289 0.4864515 0.5517864 0.4894445 0.5469289 0.4864515 0.5469289 0.4848629 0.5517864 0.487856 0.5511268 0.6486468 0.5525716 0.6490667 0.5481215 0.6511777 0.5481215 0.6511777 0.5496821 0.6459325 0.5500692 0.6474996 0.4314535 0.02637284 0.3371407 0.02138423 0.4485585 0.02138429 0.4485585 0.02138429 0.4485585 0.04505634 0.443673 0.03799802 0.4313292 0.04505628 0.4310405 0.05664402 0.3371407 0.04505628 0.4310405 0.05664402 0.3371407 0.05664402 0.3371407 0.04505628 0.3371407 0.04505628 0.3371407 0.02138423 0.4314535 0.02637284 0.4314535 0.02637284 0.4314535 0.04006779 0.3371407 0.04505628 0.8560631 0.5416006 0.8539934 0.529381 0.8676884 0.529381 0.4781106 0.3188689 0.4781106 0.3051739 0.489164 0.3051739 0.4468849 0.001697123 0.4564403 0.001697123 0.4564403 0.01278257 0.8031987 0.7375184 0.7909626 0.7375184 0.7909881 0.7264121 0.03175115 0.05664396 0.05122852 0.06664395 0.05354881 0.08566039 0.05122852 0.06664395 0.05354881 0.06955599 0.05354881 0.08566039 0.03175115 0.05664396 0.05354881 0.08566039 0.05206376 0.08994013 0.1143052 0.05664396 0.03175115 0.05664396 0.03175115 0.04505628 0.5469289 0.4848629 0.5469289 0.4688498 0.5517864 0.4687626 0.5496821 0.6459325 0.5481215 0.6511777 0.5355203 0.6589024 0.5355203 0.6589024 0.535519 0.6268032 0.5496821 0.6459325 0.5308514 0.6632017 0.5222963 0.6779039 0.5164837 0.6756655 0.5222963 0.6779039 0.516484 0.6833226 0.5164837 0.6756655 0.5164837 0.6756655 0.5164817 0.6267361 0.5308514 0.6632017 0.158415 0.1766897 0.1547069 0.1787586 0.1547151 0.1787461 0.02138417 0.857634 0.001697063 0.8570437 0.001697063 0.816947 0.5632002 0.05664253 0.4519519 0.05664253 0.4519519 0.04505485 0.8920672 0.2642514 0.8798663 0.2621817 0.8797421 0.2571931 0.5060819 0.6998551 0.5060824 0.6879194 0.6175941 0.6879194 0.4556167 0.287085 0.4556167 0.2993211 0.4445104 0.2992956 0.6217104 0.699855 0.6175941 0.6879194 0.7291058 0.6879194 0.6744486 0.151124 0.5632002 0.151124 0.5632002 0.05664253 0.6744486 0.05664259 0.5632002 0.05664253 0.5632002 0.04505485 0.785697 0.04505485 0.6744486 0.04505485 0.6744486 0.0213828 0.8288494 0.5247277 0.8288494 0.4320026 0.8766788 0.4402182 0.8288494 0.4320026 0.8690217 0.4320043 0.8766788 0.4402182 0.8690217 0.4320043 0.8728502 0.4331049 0.875653 0.4361115 0.875653 0.4361115 0.8766788 0.4402182 0.8690217 0.4320043 0.8766788 0.4402182 0.8766788 0.5165162 0.8288494 0.5247277 0.8766788 0.5165162 0.875653 0.5206229 0.8690217 0.5247294 0.875653 0.5206229 0.8728502 0.5236291 0.8690217 0.5247294 0.4701194 0.001695573 0.5462371 0.001695573 0.5550062 0.0213828 0.6744486 0.04505485 0.5632002 0.04505485 0.5632003 0.0213828 0.4489083 0.6992375 0.4976042 0.6992375 0.4879633 0.7189247 0.7856969 0.151124 0.6744486 0.151124 0.6744486 0.05664259 0.8794538 0.151124 0.7856969 0.151124 0.785697 0.05664259 0.785697 0.05664259 0.6744486 0.05664259 0.6744486 0.04505485 0.5632002 0.151124 0.4519519 0.151124 0.4519519 0.05664253 0.8711365 0.2896415 0.7877404 0.2896415 0.7879201 0.284788 0.6217232 0.7445735 0.6217249 0.704289 0.7293332 0.704289 0.5060946 0.7445735 0.5060964 0.704289 0.6217249 0.704289 0.6802228 0.2896415 0.5646916 0.2896415 0.5648713 0.284788 0.8174686 0.6998552 0.7293187 0.6998551 0.7291058 0.6879194 0.7291058 0.6879194 0.8406174 0.6879195 0.8174686 0.6998552 0.7877404 0.2896415 0.6802228 0.2896415 0.6804025 0.284788 0.7902696 0.7223101 0.7847122 0.7214818 0.8127995 0.7042891 0.7847122 0.7214818 0.7293332 0.704289 0.8127995 0.7042891 0.8127995 0.7042891 0.8089774 0.7201992 0.8045271 0.7223101 0.8417176 0.6917482 0.8406171 0.6955767 0.8406174 0.6879195 0.8406174 0.6879195 0.848831 0.6879195 0.8447242 0.6889454 0.4976042 0.6992375 0.5013061 0.6992375 0.4916652 0.7189247 0.5591738 0.0213828 0.5504047 0.001695573 0.5535967 0.001695573 0.5550062 0.0213828 0.5462371 0.001695573 0.5504047 0.001695573 0.460146 0.0213828 0.4561195 0.0213828 0.4660929 0.001695573 0.02138417 0.8019199 0.02138417 0.8049062 0.001697063 0.8130565 0.02138417 0.8087967 0.001697063 0.816947 0.001697063 0.8130565 0.5550062 0.0213828 0.5632003 0.0213828 0.5632002 0.04505485 0.5632002 0.04505485 0.4519519 0.04505485 0.460146 0.0213828 0.4519519 0.04505485 0.4519519 0.0213828 0.460146 0.0213828 0.8204032 0.7083818 0.8250722 0.7039478 0.8262484 0.7080405 0.8204032 0.7083818 0.8171895 0.7053858 0.8218586 0.7009518 0.8171895 0.7053858 0.8127995 0.7042891 0.8174686 0.6998552 0.882853 0.1787052 0.8877065 0.1791666 0.8877066 0.2111127 0.9657891 0.6368902 0.9830482 0.6368902 0.9830475 0.6529334 0.9830475 0.6529334 0.9826603 0.6545006 0.9801579 0.6560676 0.9826603 0.6545006 0.9816027 0.6556478 0.9801579 0.6560676 0.9801579 0.6560676 0.9686778 0.6560676 0.9830475 0.6529334 0.9686778 0.6560676 0.9672331 0.6556478 0.9661754 0.6545005 0.9661754 0.6545005 0.9657884 0.6529334 0.9686778 0.6560676 0.9657884 0.6529334 0.9657891 0.6368902 0.9830475 0.6529334 0.1339465 0.5872883 0.1339465 0.5987589 0.1290889 0.6000194 0.05701279 0.5175566 0.05215537 0.5174197 0.05215537 0.501453 0.7873792 0.7445736 0.7293314 0.7445735 0.7847122 0.7214818 0.7293314 0.7445735 0.7293332 0.704289 0.7847122 0.7214818 0.05215537 0.4998552 0.05701279 0.4969206 0.05701279 0.4985184 0.05215537 0.4986093 0.05701279 0.4956747 0.05701279 0.4969206 0.1339465 0.5858621 0.1339465 0.5872883 0.1290889 0.5857738 0.1339465 0.6002196 0.1290889 0.6014802 0.1290889 0.6000194 0.1339465 0.6002196 0.1339465 0.6013236 0.1290889 0.6025841 0.9566091 0.3485314 0.9550692 0.3485314 0.9582368 0.3436738 0.8059719 0.7227299 0.8045271 0.7223101 0.8089774 0.7201992 0.8089774 0.7201992 0.8074164 0.7254443 0.8070294 0.7238772 0.8798663 0.02637135 0.785697 0.0213828 0.8969452 0.02138286 0.8969452 0.02138286 0.8969452 0.04505491 0.8920673 0.03799653 0.785697 0.04505485 0.785697 0.0213828 0.8798663 0.02637135 0.8798663 0.02637135 0.8798663 0.04006624 0.785697 0.04505485 0.8798663 0.04006624 0.8797422 0.04505491 0.785697 0.04505485 0.8797422 0.04505491 0.8794538 0.05664259 0.785697 0.04505485 0.07085835 0.5339173 0.07292807 0.5461182 0.05923318 0.5461182 0.4274249 0.2847868 0.4411198 0.2847868 0.4411198 0.2958402 0.5130512 0.6695585 0.5034958 0.6695585 0.5034958 0.658473 0.5078395 0.5857816 0.4956033 0.5857816 0.4955776 0.5746754 0.1511254 0.8576341 0.05664396 0.8576341 0.05664396 0.801154 0.05664396 0.8576341 0.04505622 0.8576341 0.04505622 0.801154 0.9550692 0.3485314 0.9390561 0.3485314 0.9391434 0.3436738 0.8074164 0.7254443 0.8089774 0.7201992 0.8215793 0.7124744 0.8215793 0.7124744 0.821578 0.7445736 0.8074164 0.7254443 0.8262484 0.7080405 0.8348048 0.6933383 0.8406171 0.6955767 0.8348048 0.6933383 0.8406174 0.6879195 0.8406171 0.6955767 0.8406171 0.6955767 0.840615 0.744506 0.8262484 0.7080405 0.02138417 0.801154 0.04505622 0.801154 0.02138417 0.8087967 0.04505622 0.801154 0.04505622 0.8576341 0.02138417 0.8087967 0.2808666 0.8576341 0.2808666 0.8087968 0.3005537 0.8169472 0.4519519 0.257193 0.4519519 0.2456054 0.5632002 0.2456054 0.8510149 0.5820853 0.7353864 0.5820853 0.7395028 0.5701497 0.9188564 0.6584752 0.9188821 0.6695815 0.906646 0.6695815 0.7353864 0.5820853 0.6277781 0.5820853 0.6279911 0.5701497 0.5632002 0.2456054 0.5632002 0.151124 0.6744486 0.151124 0.5632002 0.257193 0.5632002 0.2456054 0.6744486 0.2456054 0.6744486 0.2808652 0.6744486 0.2571931 0.7856969 0.2571931 0.8713651 0.4273418 0.8311928 0.4273434 0.8790223 0.419128 0.8311928 0.4273434 0.8311928 0.3346183 0.8790223 0.419128 0.8311928 0.3346183 0.8713651 0.3346167 0.8790223 0.34283 0.8713651 0.3346167 0.8751937 0.335717 0.8779963 0.3387233 0.8311928 0.3346183 0.8790223 0.34283 0.8790223 0.419128 0.8779963 0.3387233 0.8790223 0.34283 0.8713651 0.3346167 0.8790223 0.419128 0.8779964 0.4232347 0.8713651 0.4273418 0.5550062 0.2808651 0.5462371 0.3005523 0.4701193 0.3005523 0.5632002 0.2808651 0.5632002 0.257193 0.6744486 0.2571931 0.4396695 0.8197082 0.4199823 0.829349 0.4199823 0.7806532 0.6744486 0.2456054 0.6744486 0.151124 0.7856969 0.151124 0.7856969 0.2456054 0.7856969 0.151124 0.8794538 0.151124 0.6744486 0.2571931 0.6744486 0.2456054 0.7856969 0.2456054 0.4519519 0.2456054 0.4519519 0.151124 0.5632002 0.151124 0.3359194 0.2896484 0.3357397 0.2847949 0.4191358 0.2847949 0.7353737 0.6268032 0.6277655 0.6268032 0.6277638 0.5865187 0.8510023 0.6268032 0.7353737 0.6268032 0.7353721 0.5865187 0.1128706 0.2896484 0.1126909 0.2847949 0.2282221 0.2847949 0.6279911 0.5701497 0.6277781 0.5820853 0.5396282 0.5820853 0.5396282 0.5820853 0.5222921 0.5755684 0.5164793 0.5701497 0.2284017 0.2896484 0.2282221 0.2847949 0.3357397 0.2847949 0.6277638 0.5865187 0.5723847 0.6037113 0.5442974 0.5865187 0.5723847 0.6037113 0.5668274 0.6045396 0.5442974 0.5865187 0.5668274 0.6045396 0.5525698 0.6045396 0.5442974 0.5865187 0.5164793 0.5701497 0.5164796 0.5778068 0.5153791 0.5739782 0.5123726 0.5711755 0.5082658 0.5701497 0.5164793 0.5701497 0.4199823 0.829349 0.4396695 0.8197082 0.4396695 0.82341 0.5535966 0.3005523 0.5504047 0.3005523 0.5591738 0.2808651 0.5504047 0.3005523 0.5462371 0.3005523 0.5550062 0.2808651 0.460146 0.2808651 0.4701193 0.3005523 0.4660928 0.3005523 0.2808666 0.8019199 0.3005537 0.8100702 0.3005537 0.8130566 0.3005537 0.8130566 0.3005537 0.8169472 0.2808666 0.8087968 0.5632002 0.257193 0.5632002 0.2808651 0.5550062 0.2808651 0.460146 0.2808651 0.4519519 0.2808651 0.4519519 0.257193 0.5632002 0.257193 0.5550062 0.2808651 0.460146 0.2808651 0.5308484 0.5902706 0.5320246 0.586178 0.5366938 0.5906113 0.5366938 0.5906113 0.5320246 0.586178 0.5352382 0.5831819 0.5399075 0.5876152 0.5352382 0.5831819 0.5396282 0.5820853 0.8911061 0.1786963 0.8911061 0.1424048 0.8959596 0.1462887 0.3933426 0.7593762 0.393342 0.7433329 0.410601 0.7433329 0.410601 0.7433329 0.4106016 0.7593762 0.3933426 0.7593762 0.4106016 0.7593762 0.4102146 0.7609434 0.4077123 0.7625104 0.3933426 0.7593762 0.4106016 0.7593762 0.4077123 0.7625104 0.4102146 0.7609434 0.4091571 0.7620905 0.4077123 0.7625104 0.4077123 0.7625104 0.3962322 0.7625104 0.3933426 0.7593762 0.3962322 0.7625104 0.3947875 0.7620905 0.3937298 0.7609432 0.4528295 0.5384442 0.451569 0.5433017 0.4400985 0.5433017 0.4571317 0.4994386 0.4571317 0.4804005 0.4619892 0.4833351 0.6277638 0.5865187 0.6277655 0.6268032 0.5723847 0.6037113 0.6277655 0.6268032 0.5697177 0.6268032 0.5723847 0.6037113 0.4571317 0.4804005 0.4571317 0.4788028 0.4619892 0.4817373 0.4571317 0.4788028 0.4571317 0.4775568 0.4619892 0.4804914 0.4386723 0.5433017 0.4371577 0.5384442 0.438584 0.5384442 0.4528295 0.5384442 0.4542903 0.5384442 0.4530298 0.5433017 0.4530298 0.5433017 0.4542903 0.5384442 0.4553942 0.5384442 0.5469289 0.451297 0.5517864 0.4481294 0.5517864 0.4496692 0.5481195 0.6024286 0.5525698 0.6045396 0.5511251 0.6049596 0.5500674 0.6061066 0.5496804 0.6076738 0.5481195 0.6024286 0.8798663 0.2758767 0.8920672 0.2738069 0.8969452 0.2808652 0.8920672 0.2642514 0.8969452 0.2571931 0.8969452 0.2808652 0.8797421 0.2571931 0.8798663 0.2621817 0.7856969 0.2571931 0.8798663 0.2621817 0.8798663 0.2758767 0.7856969 0.2571931 0.8798663 0.2758767 0.7856969 0.2808652 0.7856969 0.2571931 0.7856969 0.2571931 0.7856969 0.2456054 0.8794538 0.2456054 0.4848908 0.5455473 0.4848908 0.5592423 0.4726898 0.5571725 0.05118256 0.5608234 0.05118256 0.5497701 0.06487745 0.5497701 0.1279488 0.6743261 0.1279488 0.6854115 0.1183933 0.6854115 0.9657773 0.6765965 0.9768836 0.6766219 0.9768836 0.688858 0.2456068 0.8011541 0.2456068 0.8576341 0.1511254 0.8576341 0.2571945 0.8011541 0.2571945 0.8576341 0.2456068 0.8576341 0.5517864 0.4687626 0.5469289 0.4688498 0.5469289 0.4528368 0.5355176 0.594704 0.5481195 0.6024286 0.5496804 0.6076738 0.5496804 0.6076738 0.5496813 0.6268032 0.535519 0.6268032 0.5164793 0.5701497 0.5222921 0.5755684 0.5164796 0.5778068 0.5222921 0.5755684 0.5308484 0.5902706 0.5164796 0.5778068 0.5308484 0.5902706 0.5308499 0.6267361 0.5164817 0.6267361 0.2571945 0.8576341 0.2571945 0.8011541 0.2808666 0.8087968 0.2571945 0.8011541 0.2808666 0.8011541 0.2808666 0.8087968 0.4165844 0.8956348 0.4165844 0.9901162 0.3039515 0.9901162 0.3039515 0.8956348 0.3039515 0.8011534 0.4165844 0.8011534 0.4165844 0.8956348 0.3039515 0.9901162 0.3039515 0.8956348 0.3790695 0.5656219 0.4922423 0.5656172 0.4920824 0.5831153 0.1148862 0.6743222 0.1150495 0.69182 0.001876831 0.6918265 0.00169599 0.4161477 0.02536797 0.4161477 0.02051454 0.4323718 0.02536797 0.4161477 0.02536797 0.4280263 0.02051454 0.4323718 0.02536809 0.5169019 0.02536809 0.5287806 0.02051454 0.5125564 0.02536809 0.5287806 0.00169599 0.5287806 0.02051454 0.5125564 0.00169599 0.5287806 0.00169599 0.4161477 0.02051454 0.4724641 0.00169599 0.4161477 0.02051454 0.4323718 0.02051454 0.4724641 0.03352093 0.3051761 0.05719298 0.3051762 0.05233949 0.3214003 0.05719298 0.3051762 0.05719298 0.3170548 0.05233949 0.3214003 0.05719304 0.4059304 0.05719304 0.4178091 0.05233949 0.4015849 0.05719304 0.4178091 0.03352093 0.4178091 0.05233949 0.4015849 0.03352093 0.4178091 0.03352093 0.3051761 0.05233949 0.3614926 0.03352093 0.3051761 0.05233949 0.3214003 0.05233949 0.3614926 0.1688774 0.1465902 0.1470336 0.144294 0.1470336 0.08203583 0.8636728 0.5897639 0.862948 0.5678877 0.8677426 0.5897639 0.862948 0.5678877 0.8888041 0.5678877 0.875882 0.5897639 0.8677426 0.5897639 0.862948 0.5678877 0.8718123 0.5897639 0.8888041 0.5678877 0.8880912 0.5897639 0.8840216 0.5897639 0.8888041 0.5678877 0.8840216 0.5897639 0.8799518 0.5897639 0.8718123 0.5897639 0.862948 0.5678877 0.875882 0.5897639 0.849779 0.5511228 0.7829287 0.5511228 0.7852247 0.5293857 0.4346505 0.5425131 0.3635542 0.5425131 0.4302315 0.5384469 0.3635542 0.5425131 0.3648486 0.5396378 0.3679732 0.5384467 0.4302315 0.5384469 0.3635542 0.5425131 0.3679732 0.5384467 0.03175115 0.1511254 0.05330812 0.1597787 0.05763918 0.164941 0.05763918 0.164941 0.05763918 0.2317913 0.03175115 0.1511254 0.05763918 0.2317913 0.05330812 0.2369535 0.03175115 0.2456068 0.1511254 0.8576341 0.2456068 0.8576341 0.2456068 0.8852829 0.1143051 0.2456068 0.09631335 0.2379342 0.09227079 0.2317913 0.09227079 0.2317913 0.09227079 0.164941 0.1143052 0.1511254 0.09227079 0.164941 0.09631335 0.158798 0.1143052 0.1511254 0.5607579 0.6086509 0.5648277 0.6086496 0.5648363 0.6381985 0.4614338 0.3989161 0.4573675 0.3989161 0.4573675 0.3278198 0.05524671 0.4940353 0.05118048 0.4940353 0.05118048 0.4229391 0.4614316 0.4736524 0.4573653 0.4736524 0.4573653 0.4025562 0.8444802 0.3250952 0.7733839 0.3250952 0.7733839 0.3210288 0.5295298 0.4769771 0.52546 0.4769771 0.5254586 0.4433282 0.9537732 0.7635378 0.9537732 0.6924416 0.9872615 0.6924416 0.553301 0.6086489 0.5573708 0.6086489 0.5573693 0.6422979 0.9799302 0.03528642 0.9088339 0.03528636 0.9088339 0.001700699 0.00619775 0.3807972 0.00619781 0.3097009 0.01026409 0.3097009 0.005767822 0.6263563 0.005769193 0.6559052 0.001699328 0.6559052 0.9623859 0.6221233 0.9623859 0.6843815 0.9288975 0.6177043 0.9623859 0.6843815 0.9583054 0.6888005 0.9288975 0.6888005 0.9288975 0.6177043 0.9623859 0.6843815 0.9288975 0.6888005 0.2746701 0.6422321 0.2035738 0.6422321 0.2035738 0.6086464 0.5254519 0.4396816 0.5254519 0.3685854 0.5295181 0.3685854 0.5034979 0.6086487 0.5075677 0.6086487 0.5075691 0.6422978 0.9255014 0.6511967 0.8544051 0.6511967 0.8544051 0.6177083 0.001698493 0.5837367 0.005768179 0.5837367 0.005766749 0.6173856 0.200183 0.6422318 0.1290867 0.6422317 0.1290867 0.608646 0.5464985 0.4487404 0.5424322 0.4487404 0.5424322 0.3776443 0.9799233 0.07379043 0.9088271 0.07379043 0.9088271 0.0402047 0.001698374 0.5583661 0.001698374 0.5542963 0.0353474 0.554295 0.2780677 0.6086493 0.3491639 0.6086493 0.3491639 0.6421377 0.08409482 0.1670244 0.08816456 0.1670244 0.08816319 0.2006734 0.8636728 0.5897639 0.860799 0.589782 0.859839 0.5679058 0.1469162 0.1474188 0.1470336 0.144294 0.1688774 0.1465902 0.4758021 0.7502118 0.4976782 0.7509365 0.4976603 0.7540456 0.1469162 0.07891112 0.1687504 0.07661515 0.1688774 0.0797398 0.7829287 0.5511228 0.779804 0.5512039 0.7821 0.5294606 0.4976603 0.7219637 0.4976782 0.7250804 0.4758021 0.7257934 0.849779 0.5511228 0.847483 0.5293857 0.8506077 0.5294606 0.891921 0.5679058 0.8909729 0.589782 0.8880912 0.5897639 0.4758021 0.7257934 0.4976782 0.7250804 0.4758021 0.729863 0.4976782 0.7250804 0.4976782 0.7509365 0.4758021 0.7380026 0.4758021 0.729863 0.4976782 0.7250804 0.4758021 0.7339329 0.4976782 0.7509365 0.4758021 0.7502118 0.4758021 0.746142 0.4976782 0.7509365 0.4758021 0.746142 0.4758021 0.7420724 0.4758021 0.7339329 0.4976782 0.7250804 0.4758021 0.7380026 0.9173154 0.1590049 0.965965 0.159005 0.9659649 0.2123305 0.1730059 0.1818088 0.2257229 0.2456068 0.1143051 0.2456068 0.1730059 0.1818088 0.1730059 0.1264912 0.2257229 0.1511254 0.1435279 0.1818088 0.1143051 0.2456068 0.1143052 0.1511254 0.1730059 0.07117366 0.1435279 0.07117366 0.1143052 0.05664396 0.1730059 0.1264912 0.1730059 0.07117366 0.225723 0.05664402 0.1435279 0.1264912 0.1143052 0.1511254 0.1143052 0.05664396 0.9659063 0.2722421 0.9173119 0.2722421 0.9173119 0.2189165 0.443077 0.7729584 0.4436122 0.724156 0.4720526 0.724156 0.9659063 0.2722421 0.9659062 0.3275596 0.9173118 0.3255676 0.8544121 0.6562302 0.9032146 0.6567575 0.9032146 0.6851978 0.9173154 0.1590049 0.9173154 0.1036874 0.965965 0.1056795 0.01369929 0.3059754 0.002799391 0.3059754 0.001703202 0.3051694 0.002799391 0.3059754 0.002799391 0.3584948 0.001703202 0.3584948 0.01369929 0.3059754 0.03011971 0.3051694 0.03011971 0.3584948 0.01369941 0.4110142 0.03011971 0.4118203 0.001703202 0.4118203 0.002799391 0.4110142 0.001703202 0.4118203 0.001703202 0.3584948 0.01369941 0.4110142 0.01369941 0.3584948 0.03011971 0.3584948 0.3796883 0.3210283 0.4539682 0.3210283 0.4539681 0.3735477 0.4539681 0.3735477 0.3729742 0.3735477 0.3796883 0.3210283 0.3729742 0.3735477 0.3729742 0.3282439 0.3796883 0.3210283 0.3729732 0.4822537 0.4537326 0.4822537 0.3796677 0.5347731 0.4537326 0.4822537 0.4537325 0.5347731 0.3796677 0.5347731 0.3796677 0.5347731 0.3749338 0.5326598 0.3729732 0.5275576 0.4383894 0.001814424 0.4383895 0.01271432 0.3930857 0.01271432 0.3930857 0.01271432 0.3477819 0.01271432 0.3477819 0.001814424 0.3930857 0.001814424 0.4383894 0.001814424 0.3930857 0.01271432 0.3796678 0.4297344 0.4537326 0.4297344 0.4537326 0.4822537 0.4537326 0.4822537 0.3729732 0.4822537 0.3796678 0.4297344 0.3729732 0.4822537 0.3729732 0.43695 0.3796678 0.4297344 0.3729742 0.3735477 0.4539681 0.3735477 0.3796883 0.4260671 0.4539681 0.3735477 0.4539681 0.4260671 0.3796883 0.4260671 0.3796883 0.4260671 0.3749408 0.4239537 0.3729742 0.4188514 0.8951454 0.05831402 0.8951484 0.1327339 0.8842394 0.1327339 0.3477819 0.01271432 0.3426797 0.01263326 0.3426797 0.001733362 0.9833287 0.08089941 0.9833225 0.07611346 0.9942317 0.07611346 0.8951484 0.1327339 0.8951423 0.1375196 0.8842332 0.1375196 0.4434917 0.01263326 0.4383895 0.01271432 0.4383894 0.001814424 0.9942348 0.001693725 0.9942317 0.07611346 0.9833225 0.07611346 0.952894 0.08122026 0.9535525 0.07870191 0.9683399 0.07870191 0.9013085 0.04915064 0.9013085 0.06525498 0.8985947 0.06459653 0.06103515 0.1996424 0.06103515 0.1673767 0.08068662 0.1673767 0.06103515 0.1673767 0.06174749 0.1655266 0.0634672 0.1647603 0.07825464 0.1647603 0.06103515 0.1673767 0.0634672 0.1647603 0.07825464 0.1647603 0.07997441 0.1655266 0.08068662 0.1673767 0.08068662 0.1673767 0.08068662 0.1996424 0.06103515 0.1996424 0.08068662 0.1996424 0.07997441 0.2014925 0.07825464 0.2022588 0.06103515 0.1996424 0.08068662 0.1996424 0.0634672 0.2022588 0.07825464 0.2022588 0.0634672 0.2022588 0.08068662 0.1996424 0.0634672 0.2022588 0.06174749 0.2014925 0.06103515 0.1996424 0.1143052 0.05664396 0.0956754 0.06605541 0.09094387 0.06712394 0.09094387 0.06712394 0.05616515 0.06712394 0.1143052 0.05664396 0.05616515 0.06712394 0.05122852 0.06664395 0.03175115 0.05664396 0.1143052 0.1511254 0.09430152 0.09034472 0.1143052 0.05664396 0.09430152 0.09034472 0.09356027 0.08566039 0.1143052 0.05664396 0.09356027 0.08566039 0.09356027 0.06955599 0.0956754 0.06605541 0.1143052 0.1511254 0.09631335 0.158798 0.08787214 0.160522 0.08787214 0.160522 0.06203782 0.160522 0.1143052 0.1511254 0.06203782 0.160522 0.05330812 0.1597787 0.03175115 0.1511254 0.892893 0.3224489 0.8955044 0.3211895 0.8955143 0.3230389 0.8985192 0.06631624 0.8985947 0.06459653 0.9013085 0.06525498 0.9464798 0.07869434 0.9483293 0.07870423 0.9470699 0.08131551 0.8985192 0.04808938 0.9012329 0.04743093 0.9013085 0.04915064 0.9689984 0.08122026 0.9683399 0.07870191 0.9700596 0.07875013 0.8955143 0.2870427 0.8955044 0.2888965 0.8928929 0.2876408 0.9116717 0.07869434 0.9129275 0.08130568 0.9110736 0.08131551 0.9518328 0.07875013 0.9535525 0.07870191 0.952894 0.08122026 0.8928929 0.2876408 0.8955044 0.2888965 0.8955044 0.3211895 0.4344289 0.06982457 0.4344289 0.05859512 0.4364914 0.06230676 0.001700699 0.001983404 0.003763973 0.005405783 0.003763198 0.009501159 0.001698553 0.2456068 0.03175115 0.2456068 0.03175115 0.2571945 0.001698613 0.1511254 0.03175115 0.1511254 0.03175115 0.2456068 0.03175115 0.2571945 0.01109397 0.2808666 0.002572238 0.2808666 0.03175115 0.05664396 0.001698613 0.05664396 0.001698613 0.04505628 0.03175115 0.1511254 0.001698613 0.1511254 0.001698613 0.05664396 0.002572298 0.02138423 0.01109397 0.02138423 0.03175115 0.04505628 0.04505622 0.8852828 0.04505622 0.8576341 0.05664396 0.8576341 0.3557299 0.7477513 0.3557522 0.7859903 0.02149206 0.7861869 0.4199817 0.9877343 0.4286647 0.9866711 0.4286647 0.9916655 0.9837781 0.5696511 0.9844376 0.5894818 0.9464929 0.5894818 0.3899437 0.748014 0.3899661 0.786253 0.3755034 0.7860546 0.375481 0.7478155 0.3755034 0.7860546 0.3557522 0.7859903 0.9020601 0.9080281 0.9401511 0.9080281 0.93968 0.9278588 0.93968 0.9278588 0.9383931 0.9423759 0.900302 0.9423759 0.462104 0.8520801 0.4621118 0.8138411 0.481859 0.8139203 0.8161192 0.8139898 0.8161213 0.8037192 0.8358722 0.8036482 0.09698116 0.3153637 0.09413105 0.310353 0.1118034 0.3055465 0.9844377 0.3685881 0.9946293 0.3685881 0.9939697 0.3884188 0.3755034 0.7860546 0.3899661 0.786253 0.3899721 0.7965236 0.4560247 0.3153637 0.4404775 0.3111352 0.4412026 0.3055465 0.9401512 0.7267959 0.9503821 0.7267959 0.9503821 0.9080281 0.4560246 0.5464771 0.4664096 0.5359359 0.4713462 0.5388289 0.1125282 0.3111352 0.1118034 0.3055465 0.4412026 0.3055465 0.02915579 0.5797132 0.1256955 0.5797132 0.1256952 0.6179521 0.02915579 0.5797132 0.02915561 0.6179521 0.01532596 0.6180052 0.4862668 0.6046165 0.486267 0.6428556 0.3897273 0.6428556 0.06073677 0.9056943 0.06073677 0.9437852 0.04684877 0.9434553 0.2604863 0.9045946 0.2604862 0.9426856 0.2518033 0.9434554 0.2379152 0.9056943 0.2518033 0.9053643 0.2518033 0.9434554 0.4425528 0.9862154 0.4425528 0.9482707 0.6197312 0.9482707 0.9383931 0.692448 0.948624 0.692448 0.949911 0.7069652 0.08659613 0.3259047 0.0824303 0.3416856 0.07692432 0.3409498 0.02149206 0.7861869 0.3557522 0.7859903 0.3557582 0.7962608 0.9837781 0.3884188 0.9939697 0.3884188 0.9939697 0.5696511 0.3557522 0.7859903 0.3755034 0.7860546 0.3755093 0.7963251 0.9401511 0.9080281 0.9503821 0.9080281 0.949911 0.9278588 0.93968 0.9278588 0.949911 0.9278588 0.948624 0.9423759 0.481859 0.8139203 0.4621118 0.8138411 0.4621139 0.8035704 0.4404774 0.5507056 0.4412025 0.5562943 0.1118033 0.5562943 0.8358703 0.8139189 0.8358722 0.8036482 0.850335 0.8034462 0.4664096 0.5359359 0.4705755 0.5201551 0.4760814 0.5208909 0.02149206 0.7861869 0.02149802 0.7964575 0.001750946 0.796545 0.9844376 0.5894818 0.9837781 0.5696511 0.9939697 0.5696511 0.4664096 0.3259047 0.4713463 0.3230118 0.4760814 0.3409498 0.481859 0.8139203 0.4818611 0.8036497 0.8161213 0.8037192 0.08659613 0.5359359 0.08165961 0.5388289 0.07692432 0.5208909 0.4560246 0.5464771 0.4588747 0.5514878 0.4412025 0.5562943 0.0969811 0.5464771 0.09413099 0.5514878 0.08165961 0.5388289 0.4705755 0.3416856 0.4760814 0.3409498 0.4760814 0.5208909 0.0824303 0.5201551 0.07692432 0.5208909 0.07692432 0.3409498 0.09698116 0.3153637 0.08659613 0.3259047 0.08165961 0.3230118 0.0969811 0.5464771 0.1125282 0.5507056 0.1118033 0.5562943 0.4560247 0.3153637 0.4588747 0.310353 0.4713463 0.3230118 0.9401511 0.9080281 0.9020601 0.9080281 0.9020602 0.7267959 0.8358624 0.852158 0.8161115 0.8522288 0.8161192 0.8139898 0.8503251 0.851956 0.8358624 0.852158 0.8358703 0.8139189 0.9837781 0.3884188 0.9458335 0.3884188 0.9464929 0.368588 0.001722633 0.7480354 0.02146977 0.7479479 0.02149206 0.7861869 0.9396801 0.7069652 0.901589 0.7069652 0.9003021 0.692448 0.9020602 0.7267959 0.901589 0.7069652 0.9396801 0.7069652 0.9837781 0.5696511 0.9458335 0.5696511 0.9458335 0.3884188 0.8161192 0.8139898 0.8161115 0.8522288 0.4818512 0.8521593 0.03816586 0.9045946 0.04684877 0.9053643 0.04684877 0.9434553 0.6336192 0.9866711 0.6197312 0.9862155 0.6197312 0.9482707 0.4862668 0.6046165 0.5000964 0.604669 0.5000965 0.642908 0.6423022 0.9877344 0.6336192 0.9866711 0.6336192 0.9487265 0.4286647 0.9866711 0.4286648 0.9487264 0.4425528 0.9482707 0.9053254 0.08459633 0.9435645 0.08459609 0.9436171 0.0982421 0.4199817 0.9877343 0.4199818 0.9497896 0.4286648 0.9487264 0.2379152 0.9056943 0.2379152 0.9437853 0.06073677 0.9437852 0.9138588 0.3647757 0.9139119 0.3511296 0.9521509 0.3511298 0.06671106 0.5274914 0.06169742 0.5274914 0.06092756 0.5188084 0.9053254 0.3457553 0.9002923 0.3457553 0.9003449 0.3319258 0.5220572 0.5345681 0.5330638 0.5049687 0.5613176 0.5050245 0.6197312 0.9862155 0.6336192 0.9866711 0.6336192 0.9916656 0.9053781 0.09824234 0.905378 0.3319258 0.9003449 0.3319258 0.06561136 0.5049203 0.06059765 0.5049203 0.06059765 0.327742 0.6423022 0.9877344 0.6423022 0.9927287 0.6336192 0.9916656 0.9139119 0.3511296 0.9088787 0.3511296 0.9088787 0.1174461 0.9053254 0.08459633 0.9053781 0.09824234 0.9003449 0.09824228 0.6197312 0.9862155 0.6197312 0.9912099 0.4425528 0.9912099 0.9138588 0.3647757 0.9088256 0.3647756 0.9088787 0.3511296 0.9138588 0.1036166 0.9139118 0.1174461 0.9088787 0.1174461 0.06594121 0.3138539 0.06561124 0.327742 0.06059765 0.327742 0.4425528 0.9862154 0.4425528 0.9912099 0.4286647 0.9916655 0.066711 0.3051709 0.06594121 0.3138539 0.06092751 0.3138539 0.5068096 0.3364291 0.5037333 0.3480818 0.4973807 0.3473193 0.5132019 0.3299406 0.5068096 0.3364291 0.5010468 0.3334313 0.5132019 0.3299406 0.5096012 0.3247483 0.5232835 0.321027 0.7719145 0.3364013 0.7763953 0.3334313 0.7800121 0.3473193 0.7656225 0.3299276 0.767956 0.3247483 0.7763953 0.3334313 0.7656225 0.3299276 0.7543441 0.3268182 0.754458 0.3210271 0.5068096 0.535388 0.5010469 0.5383858 0.4973806 0.5244977 0.5132019 0.5418764 0.5096012 0.5470687 0.5010469 0.5383858 0.5132019 0.5418764 0.5246819 0.5449987 0.5232836 0.55079 0.7719146 0.5354158 0.7749539 0.5237452 0.7800121 0.5244978 0.7656226 0.5418894 0.7719146 0.5354158 0.7763953 0.5383858 0.7656226 0.5418894 0.7679561 0.5470687 0.754458 0.5507901 0.5037333 0.5237352 0.4973806 0.5244977 0.4973807 0.3473193 0.7543441 0.3268182 0.5246819 0.3268182 0.5232835 0.321027 0.4433053 0.9963226 0.4425528 0.9912099 0.6197312 0.9912099 0.5232836 0.55079 0.5246819 0.5449987 0.7543441 0.5449988 0.06594127 0.5188084 0.06092756 0.5188084 0.06059765 0.5049203 0.08165961 0.3230118 0.07692432 0.3409498 0.07154518 0.3403043 0.09413105 0.310353 0.08165961 0.3230118 0.07678014 0.3204736 0.09413105 0.310353 0.09108227 0.3059564 0.1106193 0.3006427 0.4713463 0.3230118 0.4751296 0.3204736 0.4803646 0.3403043 0.4588747 0.310353 0.4608275 0.3059564 0.4751296 0.3204736 0.4588747 0.310353 0.4412026 0.3055465 0.4412905 0.3006427 0.08165961 0.5388289 0.07678014 0.5413673 0.07154518 0.5215365 0.09413099 0.5514878 0.09108221 0.5558844 0.07678014 0.5413673 0.09413099 0.5514878 0.1118033 0.5562943 0.1106193 0.561198 0.4713462 0.5388289 0.4760814 0.5208909 0.4803645 0.5215365 0.4588747 0.5514878 0.4713462 0.5388289 0.4751296 0.5413673 0.4588747 0.5514878 0.4608274 0.5558844 0.4412904 0.561198 0.07692432 0.5208909 0.07154518 0.5215365 0.07154518 0.3403043 0.1118034 0.3055465 0.1106193 0.3006427 0.4412905 0.3006427 0.9982989 0.5690055 0.9939697 0.5696511 0.9939697 0.3884188 0.1106193 0.561198 0.1118033 0.5562943 0.4412025 0.5562943 0.325749 0.01668679 0.311861 0.01622492 0.3125066 0.001704096 0.334432 0.0177645 0.325749 0.01668679 0.3282874 0.002228975 0.1422115 0.604669 0.139685 0.5905868 0.1554024 0.5905271 0.04684877 0.9053643 0.04431033 0.8917882 0.06009119 0.8921631 0.5000964 0.604669 0.5026257 0.5905868 0.5131196 0.5907357 0.5000964 0.604669 0.4862668 0.6046165 0.4869114 0.5905271 0.1207945 0.01668673 0.1182562 0.002228856 0.134037 0.001704037 0.1121116 0.01776444 0.107715 0.003537178 0.1182562 0.002228856 0.373211 0.5797663 0.3593789 0.5797132 0.3600201 0.5656232 0.2518033 0.9053643 0.2379152 0.9056943 0.2385608 0.8921632 0.0153262 0.5797663 0.006682097 0.5798901 0.002302944 0.5658338 0.0153262 0.5797663 0.01279675 0.5656834 0.0285111 0.5656232 0.1346827 0.01622486 0.134037 0.001704037 0.3125066 0.001704096 0.1560438 0.6046165 0.1554024 0.5905271 0.4869114 0.5905271 0.06073677 0.9056943 0.06009119 0.8921631 0.2385608 0.8921632 0.0285111 0.5656232 0.3600201 0.5656232 0.3593789 0.5797132 0.9401512 0.7267959 0.9396801 0.7069652 0.949911 0.7069652 0.02144742 0.709709 0.3557077 0.7095124 0.3557299 0.7477513 0.4199818 0.9118449 0.4199818 0.9068505 0.4286648 0.9057872 0.9464929 0.5894818 0.9085482 0.5894818 0.9078887 0.569651 0.375481 0.7478155 0.3754587 0.7095766 0.3899214 0.709775 0.375481 0.7478155 0.3557299 0.7477513 0.3557077 0.7095124 0.901589 0.9278588 0.863498 0.9278588 0.8639691 0.9080281 0.901589 0.9278588 0.900302 0.9423759 0.862211 0.9423759 0.462104 0.8520801 0.4818512 0.8521593 0.4818434 0.8903984 0.8358547 0.890397 0.8358526 0.9006676 0.8161017 0.9007386 0.5233893 0.5608268 0.5056515 0.5560204 0.5085122 0.5510096 0.8976971 0.3884188 0.8983566 0.368588 0.9085482 0.368588 0.3754527 0.6993059 0.3899154 0.6995044 0.3899214 0.709775 0.8688849 0.5510096 0.8717456 0.5560204 0.8540078 0.5608268 0.8537382 0.9080281 0.8537381 0.7267959 0.8639691 0.7267959 0.868885 0.3198962 0.8717456 0.3148854 0.8842632 0.3275444 0.8540078 0.5608268 0.5233893 0.5608268 0.5241169 0.5552381 0.02915537 0.6561912 0.02915561 0.6179521 0.1256952 0.6179521 0.01532584 0.6562443 0.01532596 0.6180052 0.02915561 0.6179521 0.3897273 0.6428556 0.486267 0.6428556 0.4862672 0.6810946 0.04684877 0.9815465 0.04684877 0.9434553 0.06073677 0.9437852 0.2518033 0.9815464 0.2518033 0.9434554 0.2604862 0.9426856 0.2379152 0.9437853 0.2518033 0.9434554 0.2518033 0.9815464 0.6197312 0.9482707 0.4425528 0.9482707 0.4425528 0.9103261 0.863498 0.7069652 0.8532672 0.7069652 0.8519802 0.692448 0.4980888 0.5404685 0.493134 0.5433614 0.4883812 0.5254235 0.02144157 0.6994384 0.3557017 0.6992417 0.3557077 0.7095124 0.8976971 0.569651 0.8976971 0.3884188 0.9078887 0.3884188 0.3557017 0.6992417 0.3754527 0.6993059 0.3754587 0.7095766 0.863498 0.9278588 0.8532671 0.9278588 0.8537382 0.9080281 0.8519801 0.9423759 0.8532671 0.9278588 0.863498 0.9278588 0.4818434 0.8903984 0.4818414 0.900669 0.4620942 0.9005898 0.5233893 0.3100789 0.8540079 0.310079 0.8532803 0.3156677 0.8503172 0.890195 0.8503152 0.9004657 0.8358526 0.9006676 0.8793084 0.3304374 0.8842632 0.3275444 0.8890161 0.3454824 0.001694381 0.6995258 0.02144157 0.6994384 0.02144742 0.709709 0.9085482 0.5894818 0.8983566 0.5894818 0.8976971 0.569651 0.889016 0.5254235 0.8842632 0.5433614 0.8793084 0.5404685 0.8161038 0.8904678 0.8161017 0.9007386 0.4818414 0.900669 0.4883812 0.3454824 0.493134 0.3275444 0.4980888 0.3304374 0.8540079 0.310079 0.8717456 0.3148854 0.868885 0.3198962 0.493134 0.3275444 0.5056516 0.3148855 0.5085123 0.3198962 0.8890161 0.3454824 0.889016 0.5254235 0.8834898 0.5246877 0.4883812 0.5254235 0.4883812 0.3454824 0.4939075 0.3462182 0.5085122 0.5510096 0.5056515 0.5560204 0.493134 0.5433614 0.5085123 0.3198962 0.5056516 0.3148855 0.5233893 0.3100789 0.8842632 0.5433614 0.8717456 0.5560204 0.8688849 0.5510096 0.9020602 0.7267959 0.9020601 0.9080281 0.8639691 0.9080281 0.8161038 0.8904678 0.8161115 0.8522288 0.8358624 0.852158 0.8503172 0.890195 0.8358547 0.890397 0.8358624 0.852158 0.9078887 0.3884188 0.9085482 0.368588 0.9464929 0.368588 0.02144742 0.709709 0.02146977 0.7479479 0.001722633 0.7480354 0.862211 0.692448 0.9003021 0.692448 0.901589 0.7069652 0.8639691 0.7267959 0.863498 0.7069652 0.901589 0.7069652 0.9458335 0.3884188 0.9458335 0.5696511 0.9078887 0.569651 0.4818512 0.8521593 0.8161115 0.8522288 0.8161038 0.8904678 0.03816586 0.9426856 0.04684877 0.9434553 0.04684877 0.9815465 0.6336192 0.9487265 0.6197312 0.9482707 0.6197312 0.9103261 0.486267 0.6428556 0.5000965 0.642908 0.5000966 0.6811472 0.6423023 0.911845 0.6423022 0.9497897 0.6336192 0.9487265 0.4425528 0.9103261 0.4425528 0.9482707 0.4286648 0.9487264 0.9818561 0.09824198 0.9436171 0.0982421 0.9435645 0.08459609 0.4286648 0.9487264 0.4199818 0.9497896 0.4199818 0.9118449 0.06073677 0.9437852 0.2379152 0.9437853 0.2379152 0.9818763 0.9520978 0.3647758 0.9521509 0.3511298 0.9903898 0.35113 0.9747148 0.3172465 0.9754846 0.3259295 0.970471 0.3259295 0.9868892 0.3319253 0.9868367 0.3457549 0.9818035 0.3457549 0.09418475 0.5308535 0.09109723 0.5192008 0.1121233 0.5404643 0.09109723 0.5192008 0.09109723 0.3435473 0.1121233 0.5404643 0.09109723 0.3435473 0.09418469 0.3318945 0.1121233 0.3222838 0.09418469 0.3318945 0.1006006 0.3254061 0.1121233 0.3222838 0.1121233 0.3222838 0.3426356 0.3222838 0.1121233 0.5404643 0.3426356 0.3222838 0.3539559 0.3253931 0.360271 0.3318669 0.360271 0.3318669 0.3633216 0.3435374 0.3426356 0.3222838 0.3633216 0.3435374 0.3633216 0.5192107 0.3426356 0.3222838 0.3633216 0.5192107 0.360271 0.5308812 0.3426356 0.5404644 0.360271 0.5308812 0.3539559 0.537355 0.3426356 0.5404644 0.3426356 0.5404644 0.1121233 0.5404643 0.3426356 0.3222838 0.1121233 0.5404643 0.1006006 0.537342 0.09418475 0.5308535 0.1121233 0.5404643 0.09109723 0.3435473 0.1121233 0.3222838 0.6197312 0.9053317 0.6336192 0.9057874 0.6336192 0.9107818 0.9868892 0.09824186 0.9868892 0.3319253 0.9818561 0.3319253 0.9743849 0.12618 0.9743849 0.3033584 0.9693713 0.3033584 0.6336192 0.9057874 0.6423023 0.9068505 0.6423023 0.911845 0.9903898 0.1174466 0.995423 0.1174466 0.995423 0.3511301 0.9868367 0.08459597 0.9868892 0.09824186 0.9818561 0.09824198 0.4425528 0.9053316 0.6197312 0.9053317 0.6197312 0.9103261 0.9903898 0.35113 0.995423 0.3511301 0.9953699 0.3647761 0.9903367 0.103617 0.9953699 0.103617 0.995423 0.1174466 0.9697012 0.1122919 0.9747148 0.1122919 0.9743849 0.12618 0.4286648 0.9107817 0.4286648 0.9057872 0.4425528 0.9053316 0.9704709 0.1036089 0.9754846 0.1036089 0.9747148 0.1122919 0.09418475 0.5308535 0.08957618 0.5338513 0.08589643 0.5199632 0.1006006 0.537342 0.09816223 0.5425342 0.08957618 0.5338513 0.1118952 0.5462554 0.09816223 0.5425342 0.1006006 0.537342 0.3695742 0.5199632 0.3659439 0.5338513 0.360271 0.5308812 0.3659439 0.5338513 0.3574734 0.5425342 0.3539559 0.537355 0.3539559 0.537355 0.3574734 0.5425342 0.3439254 0.5462555 0.08589643 0.3427849 0.08957618 0.3288968 0.09418469 0.3318945 0.08957618 0.3288968 0.09816217 0.3202139 0.1006006 0.3254061 0.1006006 0.3254061 0.09816217 0.3202139 0.1118952 0.3164925 0.360271 0.3318669 0.3659439 0.3288968 0.3695742 0.3427849 0.3539559 0.3253931 0.3574734 0.3202139 0.3659439 0.3288968 0.3439254 0.3164925 0.3574734 0.3202139 0.3539559 0.3253931 0.08589643 0.5199632 0.08589643 0.3427849 0.09109723 0.3435473 0.3426356 0.5404644 0.3439254 0.5462555 0.1118952 0.5462554 0.3695742 0.3427849 0.3695742 0.5199632 0.3633216 0.5192107 0.3426356 0.3222838 0.1121233 0.3222838 0.1118952 0.3164925 0.9743849 0.3033584 0.9747148 0.3172465 0.9697012 0.3172465 0.493134 0.5433614 0.4892318 0.5458998 0.4839775 0.5260691 0.5056515 0.5560204 0.5035869 0.5604169 0.4892318 0.5458998 0.5231963 0.5657305 0.5035869 0.5604169 0.5056515 0.5560204 0.8943102 0.5260691 0.889056 0.5458998 0.8842632 0.5433614 0.889056 0.5458998 0.8747009 0.5604169 0.8717456 0.5560204 0.8717456 0.5560204 0.8747009 0.5604169 0.8550915 0.5657306 0.4839775 0.3448368 0.4892318 0.3250061 0.493134 0.3275444 0.4892318 0.3250061 0.503587 0.3104889 0.5056516 0.3148855 0.5056516 0.3148855 0.503587 0.3104889 0.5231963 0.3051753 0.8842632 0.3275444 0.889056 0.3250061 0.8943102 0.3448368 0.8717456 0.3148854 0.8747009 0.3104889 0.889056 0.3250061 0.8550915 0.3051754 0.8747009 0.3104889 0.8717456 0.3148854 0.4839775 0.5260691 0.4839775 0.3448368 0.4883812 0.3454824 0.8550915 0.5657306 0.5231963 0.5657305 0.5233893 0.5608268 0.8943102 0.3448368 0.8943102 0.5260691 0.889016 0.5254235 0.8540079 0.310079 0.5233893 0.3100789 0.5231963 0.3051753 0.5633704 0.01513862 0.5608321 0.001772105 0.576613 0.002296984 0.1422119 0.6811471 0.1396856 0.6951051 0.1291841 0.6952541 0.155403 0.6950454 0.1396856 0.6951051 0.1422119 0.6811471 0.06009131 0.9962769 0.04431045 0.995902 0.04684877 0.9815465 0.04431045 0.995902 0.0337693 0.9949675 0.03816586 0.9807766 0.5000966 0.6811472 0.5026262 0.6951051 0.486912 0.6950454 0.7550824 0.002296984 0.7708632 0.001772224 0.7683249 0.01513868 0.3862384 0.6703519 0.375737 0.6702016 0.3732106 0.6562442 0.3732106 0.6562442 0.375737 0.6702016 0.3600195 0.6701413 0.2518033 0.9815464 0.2543417 0.995902 0.2385608 0.9962769 0.2604862 0.9807766 0.2648828 0.9949675 0.2543417 0.995902 0.02851057 0.6701413 0.01279628 0.6702017 0.01532584 0.6562443 0.576613 0.002296984 0.7550824 0.002296984 0.7544368 0.01560056 0.4862672 0.6810946 0.486912 0.6950454 0.155403 0.6950454 0.2385608 0.9962769 0.06009131 0.9962769 0.06073677 0.9818763 0.02915537 0.6561912 0.3593784 0.6561912 0.3600195 0.6701413 0.8537381 0.7267959 0.8532672 0.7069652 0.863498 0.7069652 0.5220572 0.5345681 0.5037333 0.5237352 0.5037333 0.3480818 0.5754694 0.3371691 0.5220572 0.3372488 0.5246819 0.3268182 0.5754694 0.3371691 0.7749538 0.3480719 0.7749539 0.5237452 0.5754694 0.5346479 0.7543441 0.5449988 0.5246819 0.5449987 0.04778927 0.5490142 0.0287612 0.5490142 0.02876126 0.4229409 0.5754694 0.5346479 0.5613176 0.5050245 0.5613176 0.3667925 0.5220572 0.3372488 0.5754694 0.3371691 0.5613176 0.3667925 0.4467011 0.2490787 0.4344401 0.2194792 0.4344401 0.08135896 0.5553401 0.4989451 0.5613176 0.5050245 0.5330638 0.5049687 0.5553401 0.3728718 0.5390413 0.372904 0.5330638 0.3668484 0.5553401 0.4989451 0.5553401 0.3728718 0.5613176 0.3667925 0.5390414 0.4989129 0.5330638 0.5049687 0.5330638 0.3668484 0.900664 0.01799732 0.7746551 0.01799726 0.7746229 0.001698613 0.1469272 0.1725387 0.1469272 0.1534367 0.1634027 0.1534371 0.8543998 0.6140163 0.8543998 0.5950613 0.9804088 0.5950614 0.07750457 0.2268931 0.06102907 0.2268935 0.06102907 0.2077915 0.8828301 0.2299755 0.8829335 0.2240999 0.8928555 0.2240999 0.8928555 0.2240999 0.8829335 0.2240999 0.883228 0.2191188 0.8894737 0.2847962 0.8894268 0.289776 0.8794667 0.2897762 0.8894268 0.289776 0.8894103 0.2956513 0.8794502 0.2956513 0.8794502 0.2956513 0.8894103 0.2956513 0.8894268 0.3015273 0.8894268 0.3015273 0.8894737 0.3065096 0.8795137 0.3065097 0.05694711 0.08193343 0.05694711 0.07204926 0.06192821 0.0724622 0.06192821 0.0724622 0.06780385 0.07260721 0.06780385 0.08249139 0.06780385 0.08249139 0.06780385 0.07260721 0.07367944 0.0724622 0.07367944 0.0724622 0.0786606 0.07204926 0.0786606 0.08193343 0.9173111 0.340063 0.9173112 0.3301029 0.9222936 0.3301504 0.9222936 0.3301504 0.9281696 0.3301671 0.9281696 0.3401272 0.9281696 0.3401272 0.9281696 0.3301671 0.9340449 0.3301504 0.9340447 0.3401105 0.9340449 0.3301504 0.9390247 0.3301029 0.883228 0.2408323 0.8829335 0.2358511 0.8928556 0.2358511 0.8928556 0.2358511 0.8829335 0.2358511 0.8828301 0.2299755 0.9985045 0.4706745 0.001495778 0.4706744 0.001495778 0.001503348 0.443673 0.03799802 0.4485585 0.04505634 0.4313292 0.04505628 0.443673 0.2642529 0.4314535 0.2621831 0.4313292 0.2571946</float_array>
          <technique_common>
            <accessor source="#Cube_001-mesh-map-0-array" count="4638" stride="2">
              <param name="S" type="float"/>
              <param name="T" type="float"/>
            </accessor>
          </technique_common>
        </source>
        <vertices id="Cube_001-mesh-vertices">
          <input semantic="POSITION" source="#Cube_001-mesh-positions"/>
        </vertices>
        <triangles material="Terminal-material" count="1540">
          <input semantic="VERTEX" source="#Cube_001-mesh-vertices" offset="0"/>
          <input semantic="NORMAL" source="#Cube_001-mesh-normals" offset="1"/>
          <input semantic="TEXCOORD" source="#Cube_001-mesh-map-0" offset="2" set="0"/>
          <p>77 0 0 22 1 1 78 2 2 27 3 3 441 3 4 438 3 5 314 4 6 785 5 7 248 4 8 15 6 9 63 6 10 64 6 11 11 7 12 68 7 13 10 8 14 17 9 15 12 10 16 63 6 17 3 3 18 379 3 19 7 3 20 12 3 21 66 3 22 63 3 23 33 11 24 34 12 25 32 13 26 27 14 27 23 15 28 18 16 29 28 3 30 7 3 31 12 3 32 32 17 33 80 18 34 79 19 35 379 3 36 4 3 37 1 3 38 1 3 39 5 3 40 0 3 41 7 3 42 1 3 43 66 3 44 450 20 45 76 20 46 452 20 47 16 21 48 44 22 49 35 23 50 72 6 51 40 24 52 13 25 53 73 6 54 13 25 55 14 6 56 15 26 57 13 27 58 17 21 59 35 28 60 28 29 61 12 10 62 17 21 63 40 21 64 16 21 65 50 30 66 52 31 67 44 32 68 21 33 69 442 34 70 20 35 71 21 33 72 440 6 73 443 6 74 159 20 75 444 20 76 455 20 77 29 6 78 30 6 79 28 6 80 26 36 81 34 37 82 29 38 83 34 37 84 30 39 85 29 38 86 33 40 87 27 14 88 30 39 89 18 16 90 25 41 91 20 42 92 20 42 93 24 43 94 21 44 95 24 43 96 19 45 97 21 44 98 439 20 99 440 20 100 77 20 101 35 28 102 38 46 103 37 47 104 38 46 105 39 48 106 37 47 107 39 48 108 36 6 109 37 47 110 36 49 111 41 50 112 42 51 113 41 50 114 38 52 115 43 53 116 43 53 117 35 23 118 44 22 119 81 54 120 42 51 121 82 55 122 52 31 123 43 56 124 44 32 125 52 31 126 42 57 127 41 58 128 60 59 129 59 60 130 62 61 131 52 31 132 41 58 133 43 56 134 46 62 135 56 63 136 50 64 137 83 65 138 55 66 139 84 67 140 86 68 141 45 6 142 47 69 143 45 6 144 48 70 145 47 69 146 48 70 147 49 71 148 47 69 149 49 71 150 46 72 151 47 69 152 51 73 153 57 74 154 55 66 155 54 75 156 58 76 157 57 74 158 58 76 159 50 64 160 56 63 161 46 62 162 61 77 163 59 78 164 61 77 165 48 79 166 62 80 167 62 80 168 45 81 169 60 82 170 53 83 171 54 75 172 52 31 173 11 3 174 64 3 175 63 3 176 8 84 177 64 3 178 10 3 179 11 3 180 63 3 181 66 3 182 183 85 183 784 5 184 181 86 185 67 3 186 69 3 187 68 3 188 6 87 189 67 87 190 11 87 191 10 88 192 69 89 193 8 90 194 8 91 195 70 91 196 6 92 197 420 93 198 408 94 199 453 95 200 438 3 201 378 96 202 3 3 203 86 97 204 60 82 205 45 81 206 51 73 207 82 98 208 42 57 209 36 6 210 80 6 211 26 6 212 20 20 213 441 20 214 18 20 215 161 99 216 107 100 217 104 101 218 445 3 219 446 3 220 112 3 221 100 102 222 148 102 223 102 103 224 153 104 225 96 104 226 95 92 227 102 103 228 97 105 229 101 106 230 381 107 231 91 3 232 93 3 233 151 3 234 97 3 235 148 3 236 107 108 237 162 109 238 108 110 239 108 111 240 112 112 241 103 113 242 93 3 243 113 3 244 97 3 245 164 114 246 117 115 247 163 116 248 4 3 249 381 3 250 89 3 251 5 3 252 89 3 253 87 3 254 89 3 255 93 3 256 151 3 257 415 117 258 430 118 259 418 119 260 129 120 261 101 121 262 120 122 263 157 102 264 125 123 265 156 124 266 158 102 267 98 125 268 157 102 269 98 126 270 100 127 271 102 121 272 113 128 273 122 129 274 120 130 275 125 131 276 102 121 277 101 121 278 131 132 279 129 133 280 135 134 281 449 135 282 106 136 283 105 137 284 106 20 285 447 20 286 104 20 287 378 96 288 451 138 289 351 139 290 113 102 291 115 102 292 114 102 293 111 140 294 119 141 295 117 115 296 115 142 297 119 141 298 114 143 299 112 112 300 118 144 301 115 142 302 103 113 303 110 145 304 108 111 305 105 146 306 109 147 307 110 145 308 104 101 309 109 147 310 106 148 311 444 20 312 161 20 313 104 20 314 120 130 315 122 129 316 123 149 317 123 149 318 122 129 319 124 150 320 124 150 321 122 129 322 121 151 323 126 152 324 121 153 325 127 154 326 126 152 327 123 155 328 124 156 329 128 157 330 120 122 331 123 155 332 165 158 333 127 154 334 121 153 335 137 159 336 129 133 337 128 160 338 137 159 339 126 161 340 127 162 341 140 163 342 145 164 343 141 165 344 137 159 345 128 160 346 126 161 347 141 166 348 131 167 349 135 168 350 167 169 351 140 170 352 136 171 353 170 172 354 132 173 355 130 102 356 130 102 357 132 173 358 133 174 359 133 174 360 132 173 361 134 175 362 134 175 363 132 173 364 131 132 365 142 176 366 136 171 367 140 170 368 143 177 369 139 178 370 142 176 371 143 177 372 135 168 373 138 179 374 146 180 375 131 167 376 144 181 377 146 180 378 133 182 379 134 183 380 147 184 381 130 185 382 133 182 383 137 159 384 139 186 385 138 187 386 96 188 387 149 3 388 95 3 389 149 3 390 94 84 391 95 3 392 92 189 393 782 190 394 151 191 395 154 3 396 152 3 397 153 3 398 152 87 399 92 87 400 96 87 401 154 192 402 95 193 403 94 194 404 155 195 405 94 195 406 92 8 407 416 196 408 453 95 409 454 197 410 409 198 411 445 3 412 91 3 413 145 199 414 170 200 415 130 185 416 166 201 417 167 202 418 136 203 419 164 102 420 165 102 421 121 151 422 446 20 423 105 20 424 103 20 425 77 0 426 199 204 427 195 205 428 173 4 429 176 4 430 177 4 431 257 85 432 785 5 433 314 4 434 191 6 435 240 6 436 193 206 437 245 7 438 187 7 439 186 8 440 193 206 441 188 207 442 192 208 443 184 4 444 173 4 445 175 4 446 175 4 447 177 4 448 182 4 449 243 4 450 188 4 451 240 4 452 199 209 453 78 210 454 200 211 455 200 212 456 204 213 457 194 214 458 182 4 459 205 4 460 188 4 461 80 18 462 209 215 463 79 19 464 178 4 465 175 4 466 174 4 467 180 4 468 174 4 469 171 4 470 174 4 471 182 4 472 243 4 473 185 4 474 172 4 475 173 4 476 221 216 477 192 217 478 212 218 479 72 6 480 217 219 481 71 220 482 73 6 483 189 221 484 72 6 485 189 222 486 191 223 487 193 217 488 205 224 489 214 225 490 212 226 491 217 227 492 193 217 493 192 217 494 223 228 495 221 229 496 227 230 497 194 6 498 196 231 499 197 232 500 197 232 501 196 231 502 198 233 503 198 233 504 196 231 505 195 6 506 205 6 507 207 6 508 206 6 509 203 234 510 211 235 511 209 215 512 207 236 513 211 235 514 206 237 515 204 213 516 210 238 517 207 236 518 194 214 519 202 239 520 200 212 521 197 240 522 201 241 523 202 239 524 195 205 525 201 241 526 198 242 527 194 4 528 204 4 529 177 4 530 212 226 531 214 225 532 215 243 533 215 243 534 214 225 535 216 244 536 216 244 537 214 225 538 213 245 539 218 246 540 213 247 541 219 248 542 218 246 543 215 249 544 216 250 545 220 251 546 212 218 547 215 249 548 81 54 549 219 248 550 213 247 551 229 252 552 221 229 553 220 253 554 229 252 555 218 254 556 219 255 557 232 256 558 237 257 559 233 258 560 229 252 561 220 253 562 218 254 563 233 259 564 223 260 565 227 261 566 83 65 567 232 262 568 228 263 569 86 68 570 224 264 571 222 6 572 222 6 573 224 264 574 225 265 575 225 265 576 224 264 577 226 266 578 226 266 579 224 264 580 223 228 581 234 267 582 228 263 583 232 262 584 235 268 585 231 269 586 234 267 587 235 268 588 227 261 589 230 270 590 238 271 591 223 260 592 236 272 593 238 271 594 225 273 595 226 274 596 239 275 597 222 276 598 225 273 599 229 252 600 231 269 601 230 270 602 187 277 603 241 4 604 186 4 605 241 4 606 183 85 607 186 4 608 171 4 609 174 4 610 243 278 611 246 4 612 244 4 613 245 4 614 244 87 615 181 87 616 187 87 617 246 89 618 186 88 619 183 90 620 247 91 621 183 91 622 181 92 623 76 20 624 172 20 625 179 20 626 74 20 627 176 20 628 172 20 629 237 279 630 86 97 631 222 276 632 82 98 633 83 65 634 228 263 635 80 6 636 81 6 637 213 245 638 75 20 639 77 20 640 195 20 641 161 99 642 271 280 643 162 281 644 253 4 645 250 4 646 254 4 647 263 102 648 312 102 649 313 102 650 259 104 651 317 104 652 258 92 653 265 282 654 260 283 655 312 102 656 250 4 657 184 4 658 252 4 659 254 4 660 252 4 661 256 4 662 260 4 663 315 4 664 312 4 665 282 284 666 283 285 667 281 286 668 276 287 669 272 288 670 266 289 671 277 4 672 256 4 673 260 4 674 281 290 675 164 114 676 163 116 677 252 4 678 178 4 679 251 4 680 251 4 681 180 4 682 248 4 683 256 4 684 251 4 685 315 4 686 249 4 687 185 4 688 250 4 689 264 291 690 293 292 691 284 293 692 157 102 693 289 294 694 261 295 695 158 102 696 261 295 697 262 102 698 263 296 699 261 297 700 265 291 701 284 298 702 277 299 703 260 283 704 265 291 705 289 291 706 264 291 707 299 300 708 301 301 709 293 302 710 266 102 711 269 303 712 268 304 713 269 303 714 270 305 715 268 304 716 270 305 717 267 102 718 268 304 719 278 102 720 279 102 721 277 102 722 275 306 723 283 307 724 278 308 725 283 307 726 279 309 727 278 308 728 282 310 729 276 287 730 279 309 731 266 289 732 274 311 733 269 312 734 269 312 735 273 313 736 270 314 737 273 313 738 267 315 739 270 314 740 266 4 741 253 4 742 254 4 743 284 298 744 287 316 745 286 317 746 287 316 747 288 318 748 286 317 749 288 318 750 285 102 751 286 317 752 285 319 753 290 320 754 291 321 755 290 320 756 287 322 757 292 323 758 292 323 759 284 293 760 293 292 761 165 158 762 291 321 763 166 324 764 301 301 765 292 325 766 293 302 767 301 301 768 291 326 769 290 327 770 309 328 771 308 329 772 311 330 773 301 301 774 290 327 775 292 325 776 295 331 777 305 332 778 299 333 779 167 169 780 304 334 781 168 335 782 170 172 783 294 102 784 296 336 785 294 102 786 297 337 787 296 336 788 297 337 789 298 338 790 296 336 791 298 338 792 295 339 793 296 336 794 300 340 795 306 341 796 304 334 797 303 342 798 307 343 799 306 341 800 307 343 801 299 333 802 305 332 803 295 331 804 310 344 805 308 345 806 310 344 807 297 346 808 311 347 809 311 347 810 294 348 811 309 349 812 302 350 813 303 351 814 301 301 815 259 4 816 313 4 817 312 4 818 257 85 819 313 4 820 258 4 821 248 4 822 785 5 823 315 4 824 316 4 825 318 4 826 317 4 827 255 87 828 316 87 829 259 87 830 258 193 831 318 192 832 257 194 833 257 195 834 319 195 835 255 8 836 249 20 837 76 20 838 179 20 839 253 352 840 159 20 841 249 20 842 170 200 843 309 349 844 294 348 845 300 353 846 166 201 847 291 326 848 285 102 849 164 102 850 275 102 851 267 354 852 161 20 853 160 355 854 5 87 855 180 87 856 0 87 857 0 356 858 242 356 859 65 357 860 314 358 861 87 358 862 150 359 863 158 360 864 262 361 865 314 362 866 73 363 867 14 364 868 65 365 869 359 366 870 367 367 871 350 368 872 363 369 873 333 370 874 323 371 875 362 372 876 369 373 877 372 374 878 375 375 879 377 376 880 376 377 881 453 95 882 350 378 883 451 138 884 76 20 885 455 20 886 452 20 887 408 94 888 378 96 889 355 379 890 341 6 891 370 380 892 328 381 893 323 3 894 332 3 895 322 3 896 325 3 897 328 3 898 324 3 899 327 3 900 330 3 901 326 3 902 335 3 903 337 3 904 334 3 905 335 102 906 333 102 907 325 102 908 336 87 909 325 87 910 324 87 911 337 6 912 324 6 913 332 6 914 334 20 915 332 20 916 333 20 917 339 3 918 341 3 919 338 3 920 373 382 921 338 102 922 329 383 923 339 384 924 373 382 925 372 385 926 338 20 927 328 20 928 329 20 929 343 3 930 345 3 931 342 3 932 343 102 933 376 102 934 327 102 935 344 87 936 327 87 937 326 87 938 345 6 939 326 6 940 366 6 941 342 20 942 366 20 943 376 20 944 347 3 945 349 3 946 346 3 947 347 20 948 330 20 949 331 20 950 348 102 951 331 102 952 323 102 953 349 87 954 323 87 955 322 87 956 346 6 957 322 6 958 330 6 959 350 378 960 353 386 961 352 387 962 353 386 963 351 139 964 352 387 965 354 3 966 357 3 967 356 388 968 357 3 969 355 379 970 356 388 971 358 3 972 361 3 973 360 389 974 361 3 975 359 390 976 360 389 977 362 3 978 365 3 979 364 391 980 365 3 981 363 392 982 364 391 983 369 393 984 371 394 985 370 380 986 371 394 987 328 381 988 370 380 989 329 383 990 374 395 991 373 382 992 374 395 993 372 385 994 373 382 995 376 396 996 361 397 997 358 398 998 377 399 999 359 366 1000 361 397 1001 366 400 1002 353 401 1003 368 402 1004 368 402 1005 350 368 1006 367 367 1007 355 403 1008 371 404 1009 369 373 1010 357 405 1011 328 406 1012 371 404 1013 362 372 1014 374 407 1015 365 408 1016 365 408 1017 329 409 1018 363 369 1019 351 410 1020 330 411 1021 322 412 1022 9 413 1023 393 414 1024 90 415 1025 2 416 1026 378 3 1027 320 417 1028 2 416 1029 380 418 1030 379 3 1031 320 417 1032 408 419 1033 321 420 1034 90 421 1035 409 422 1036 381 107 1037 9 423 1038 381 107 1039 380 418 1040 321 420 1041 409 422 1042 88 424 1043 321 425 1044 388 426 1045 320 427 1046 320 428 1047 389 429 1048 2 430 1049 321 425 1050 392 431 1051 391 432 1052 90 433 1053 392 434 1054 88 435 1055 9 413 1056 389 436 1057 390 437 1058 382 438 1059 389 439 1060 388 440 1061 383 441 1062 390 442 1063 389 439 1064 382 438 1065 391 443 1066 385 3 1067 386 3 1068 393 3 1069 387 3 1070 387 3 1071 390 442 1072 384 3 1073 386 3 1074 391 443 1075 392 3 1076 396 444 1077 398 445 1078 397 446 1079 394 447 1080 399 448 1081 400 449 1082 394 3 1083 396 450 1084 395 3 1085 405 451 1086 407 452 1087 406 453 1088 395 454 1089 402 455 1090 403 456 1091 387 102 1092 402 457 1093 386 102 1094 400 458 1095 398 459 1096 396 450 1097 401 460 1098 397 461 1099 398 459 1100 406 462 1101 404 463 1102 402 457 1103 407 464 1104 403 465 1105 404 463 1106 382 6 1107 399 466 1108 383 6 1109 419 467 1110 436 468 1111 422 469 1112 414 470 1113 432 471 1114 427 472 1115 435 473 1116 429 474 1117 430 475 1118 409 198 1119 410 476 1120 454 197 1121 424 477 1122 409 198 1123 419 478 1124 408 94 1125 358 3 1126 453 95 1127 410 476 1128 413 479 1129 412 480 1130 413 479 1131 411 481 1132 412 480 1133 414 482 1134 417 483 1135 416 196 1136 417 483 1137 415 484 1138 416 196 1139 418 3 1140 421 485 1141 420 93 1142 421 485 1143 419 478 1144 420 93 1145 422 486 1146 425 3 1147 424 477 1148 425 3 1149 423 487 1150 424 477 1151 410 488 1152 434 489 1153 413 490 1154 434 489 1155 411 491 1156 413 490 1157 415 117 1158 428 492 1159 426 493 1160 428 492 1161 414 470 1162 427 472 1163 422 469 1164 437 494 1165 425 495 1166 437 494 1167 423 496 1168 425 495 1169 418 119 1170 431 497 1171 421 498 1172 431 497 1173 419 467 1174 421 498 1175 423 496 1176 433 499 1177 410 488 1178 440 500 1179 442 102 1180 443 102 1181 447 501 1182 449 6 1183 446 502 1184 450 503 1185 438 504 1186 439 505 1187 452 506 1188 451 507 1189 450 503 1190 438 504 1191 440 500 1192 439 505 1193 454 508 1194 444 509 1195 445 510 1196 453 506 1197 455 511 1198 454 508 1199 447 501 1200 445 510 1201 444 509 1202 439 20 1203 74 20 1204 450 20 1205 493 512 1206 468 513 1207 489 514 1208 458 515 1209 527 516 1210 529 517 1211 469 518 1212 491 519 1213 490 520 1214 491 519 1215 471 521 1216 492 522 1217 492 522 1218 472 523 1219 493 512 1220 494 524 1221 474 525 1222 495 526 1223 474 525 1224 496 527 1225 495 526 1226 496 527 1227 476 528 1228 497 529 1229 480 530 1230 570 531 1231 479 532 1232 577 533 1233 549 534 1234 579 535 1235 477 536 1236 569 537 1237 478 538 1238 471 539 1239 553 540 1240 555 541 1241 584 542 1242 556 543 1243 554 544 1244 466 545 1245 558 546 1246 473 547 1247 597 548 1248 567 549 1249 571 550 1250 579 535 1251 556 543 1252 586 551 1253 485 552 1254 517 553 1255 509 554 1256 485 552 1257 508 555 1258 598 556 1259 585 557 1260 513 558 1261 456 559 1262 482 560 1263 503 561 1264 582 562 1265 598 556 1266 506 563 1267 595 564 1268 484 565 1269 506 563 1270 507 566 1271 456 102 1272 580 567 1273 585 568 1274 457 569 1275 515 570 1276 461 571 1277 460 572 1278 462 573 1279 485 552 1280 467 574 1281 542 575 1282 465 576 1283 574 577 1284 544 578 1285 543 579 1286 468 580 1287 557 581 1288 548 582 1289 478 538 1290 550 583 1291 469 584 1292 472 585 1293 555 541 1294 557 581 1295 473 547 1296 561 586 1297 474 587 1298 474 587 1299 563 588 1300 475 589 1301 476 590 1302 563 588 1303 565 591 1304 599 592 1305 564 593 1306 593 594 1307 479 532 1308 566 595 1309 477 536 1310 594 596 1311 568 597 1312 567 549 1313 468 580 1314 546 598 1315 467 574 1316 470 599 1317 550 583 1318 553 540 1319 583 600 1320 551 601 1321 581 602 1322 476 590 1323 572 603 1324 480 530 1325 590 604 1326 559 605 1327 587 606 1328 597 548 1329 573 607 1330 599 592 1331 592 608 1332 560 609 1333 590 604 1334 581 602 1335 568 597 1336 596 610 1337 587 606 1338 544 578 1339 576 611 1340 577 533 1341 543 579 1342 547 612 1343 592 608 1344 564 593 1345 562 613 1346 584 542 1347 552 614 1348 583 600 1349 473 615 1350 486 616 1351 466 617 1352 500 618 1353 480 619 1354 479 620 1355 499 621 1356 479 620 1357 477 622 1358 478 623 1359 499 621 1360 477 622 1361 488 624 1362 468 513 1363 467 625 1364 465 626 1365 488 624 1366 467 625 1367 486 616 1368 465 626 1369 466 617 1370 469 518 1371 498 627 1372 478 623 1373 480 619 1374 497 529 1375 476 528 1376 483 628 1377 503 561 1378 504 629 1379 463 630 1380 515 570 1381 514 631 1382 585 557 1383 504 629 1384 505 632 1385 464 633 1386 514 631 1387 516 634 1388 459 635 1389 510 636 1390 457 569 1391 464 633 1392 517 637 1393 462 638 1394 458 515 1395 511 639 1396 459 635 1397 484 565 1398 502 640 1399 482 560 1400 458 515 1401 513 641 1402 512 642 1403 578 643 1404 518 644 1405 481 645 1406 591 646 1407 536 647 1408 460 648 1409 534 649 1410 737 650 1411 541 651 1412 461 571 1413 537 652 1414 538 653 1415 462 638 1416 536 647 1417 540 654 1418 575 655 1419 532 656 1420 588 657 1421 464 633 1422 537 652 1423 463 630 1424 456 658 1425 524 659 1426 580 660 1427 464 633 1428 540 654 1429 539 661 1430 461 571 1431 526 662 1432 457 569 1433 458 515 1434 531 663 1435 456 658 1436 578 643 1437 524 659 1438 522 664 1439 589 665 1440 532 656 1441 533 666 1442 457 569 1443 527 516 1444 459 635 1445 591 646 1446 533 666 1447 535 667 1448 720 668 1449 521 669 1450 518 644 1451 722 670 1452 518 644 1453 522 664 1454 722 670 1455 524 659 1456 723 671 1457 725 672 1458 526 662 1459 724 673 1460 726 674 1461 527 516 1462 725 672 1463 726 674 1464 531 663 1465 529 517 1466 729 675 1467 532 656 1468 728 676 1469 730 677 1470 533 666 1471 729 675 1472 730 677 1473 536 647 1474 535 667 1475 732 678 1476 538 653 1477 537 652 1478 734 679 1479 537 652 1480 539 661 1481 734 679 1482 540 654 1483 735 680 1484 728 676 1485 521 669 1486 721 681 1487 727 682 1488 524 659 1489 531 663 1490 724 673 1491 538 653 1492 733 683 1493 536 647 1494 735 680 1495 540 654 1496 481 645 1497 521 669 1498 575 655 1499 543 579 1500 545 684 1501 542 575 1502 547 612 1503 542 575 1504 546 598 1505 547 612 1506 548 582 1507 549 534 1508 552 614 1509 550 583 1510 551 601 1511 554 544 1512 553 540 1513 552 614 1514 554 544 1515 557 581 1516 555 541 1517 560 609 1518 558 546 1519 559 605 1520 562 613 1521 561 586 1522 560 609 1523 562 613 1524 565 591 1525 563 588 1526 567 549 1527 569 537 1528 566 595 1529 571 550 1530 566 595 1531 570 531 1532 571 550 1533 572 603 1534 573 607 1535 559 605 1536 545 684 1537 544 578 1538 549 534 1539 557 581 1540 556 543 1541 551 601 1542 569 537 1543 568 597 1544 565 591 1545 573 607 1546 572 603 1547 481 685 1548 576 611 1549 574 577 1550 578 686 1551 574 577 1552 577 533 1553 578 686 1554 579 535 1555 580 567 1556 582 687 1557 581 602 1558 482 688 1559 483 689 1560 583 600 1561 582 687 1562 483 689 1563 586 551 1564 584 542 1565 589 690 1566 587 606 1567 588 691 1568 591 692 1569 590 604 1570 589 690 1571 591 692 1572 593 594 1573 592 608 1574 595 693 1575 596 610 1576 594 596 1577 598 694 1578 594 596 1579 597 548 1580 598 694 1581 599 592 1582 485 695 1583 588 691 1584 576 611 1585 575 696 1586 580 567 1587 586 551 1588 585 568 1589 482 688 1590 596 610 1591 484 697 1592 599 592 1593 460 698 1594 485 695 1595 466 545 1596 542 575 1597 545 684 1598 613 699 1599 493 512 1600 489 514 1601 603 700 1602 643 701 1603 604 702 1604 491 519 1605 614 703 1606 490 520 1607 492 522 1608 615 704 1609 491 519 1610 492 522 1611 617 705 1612 616 706 1613 495 526 1614 618 707 1615 494 524 1616 495 526 1617 620 708 1618 619 709 1619 496 527 1620 621 710 1621 620 708 1622 624 711 1623 694 712 1624 625 713 1625 671 714 1626 698 715 1627 700 716 1628 691 717 1629 622 718 1630 623 719 1631 677 720 1632 615 721 1633 616 722 1634 705 723 1635 678 724 1636 707 725 1637 680 726 1638 611 727 1639 618 728 1640 717 729 1641 689 730 1642 713 731 1643 678 724 1644 700 716 1645 707 725 1646 631 732 1647 517 553 1648 607 733 1649 718 734 1650 509 554 1651 631 732 1652 513 558 1653 706 735 1654 601 102 1655 702 736 1656 502 640 1657 628 737 1658 714 738 1659 508 555 1660 718 734 1661 507 566 1662 714 738 1663 715 739 1664 601 20 1665 706 20 1666 600 20 1667 515 570 1668 602 740 1669 606 741 1670 605 3 1671 631 3 1672 607 3 1673 610 742 1674 668 743 1675 612 744 1676 696 745 1677 666 746 1678 697 747 1679 670 748 1680 617 749 1681 613 750 1682 672 751 1683 623 719 1684 614 752 1685 679 753 1686 616 722 1687 617 749 1688 619 754 1689 680 726 1690 618 728 1691 685 755 1692 619 754 1693 620 756 1694 621 757 1695 685 755 1696 620 756 1697 686 758 1698 719 759 1699 712 760 1700 622 718 1701 692 761 1702 624 711 1703 713 731 1704 690 762 1705 716 763 1706 668 743 1707 613 750 1708 612 744 1709 615 721 1710 672 751 1711 614 752 1712 673 764 1713 703 765 1714 701 766 1715 625 713 1716 687 767 1717 621 757 1718 681 768 1719 710 769 1720 708 770 1721 695 771 1722 717 729 1723 719 759 1724 682 772 1725 711 773 1726 710 769 1727 690 762 1728 701 766 1729 716 763 1730 666 746 1731 708 770 1732 697 747 1733 698 715 1734 665 774 1735 696 745 1736 711 773 1737 686 758 1738 712 760 1739 674 775 1740 705 723 1741 703 765 1742 486 616 1743 618 707 1744 611 776 1745 625 777 1746 500 618 1747 624 778 1748 622 779 1749 500 618 1750 499 621 1751 623 780 1752 499 621 1753 498 627 1754 613 699 1755 488 624 1756 612 781 1757 612 781 1758 487 782 1759 610 783 1760 611 776 1761 487 782 1762 486 616 1763 498 627 1764 614 703 1765 623 780 1766 497 529 1767 625 777 1768 621 710 1769 504 629 1770 702 736 1771 704 784 1772 514 631 1773 606 741 1774 608 785 1775 505 632 1776 704 784 1777 706 735 1778 609 786 1779 514 631 1780 608 785 1781 602 740 1782 511 639 1783 604 702 1784 607 787 1785 516 634 1786 609 786 1787 511 639 1788 603 700 1789 604 702 1790 502 640 1791 715 739 1792 628 737 1793 512 642 1794 601 788 1795 603 700 1796 632 789 1797 699 790 1798 626 791 1799 655 792 1800 630 793 1801 605 794 1802 663 795 1803 641 796 1804 646 797 1805 659 798 1806 608 785 1807 606 741 1808 662 799 1809 605 794 1810 607 787 1811 648 800 1812 627 801 1813 629 802 1814 656 803 1815 609 786 1816 608 785 1817 600 804 1818 647 805 1819 601 788 1820 660 806 1821 607 787 1822 609 786 1823 640 807 1824 606 741 1825 602 740 1826 601 788 1827 645 808 1828 603 700 1829 699 790 1830 638 809 1831 600 804 1832 709 810 1833 648 800 1834 629 802 1835 604 702 1836 640 807 1837 602 740 1838 630 793 1839 651 811 1840 709 810 1841 633 812 1842 635 813 1843 634 814 1844 637 815 1845 632 789 1846 633 812 1847 638 809 1848 637 815 1849 639 816 1850 640 807 1851 642 817 1852 641 818 1853 643 701 1854 644 819 1855 642 817 1856 644 819 1857 647 805 1858 646 820 1859 648 800 1860 650 821 1861 649 822 1862 651 811 1863 652 823 1864 650 821 1865 652 823 1866 655 792 1867 654 824 1868 657 825 1869 659 798 1870 658 826 1871 661 827 1872 656 803 1873 657 825 1874 662 799 1875 661 827 1876 663 828 1877 635 813 1878 649 822 1879 634 814 1880 646 820 1881 638 809 1882 639 816 1883 659 798 1884 641 818 1885 658 826 1886 663 828 1887 655 792 1888 662 799 1889 635 813 1890 626 791 1891 627 801 1892 665 774 1893 667 829 1894 666 746 1895 669 830 1896 664 831 1897 665 774 1898 670 748 1899 669 830 1900 671 714 1901 672 751 1902 674 775 1903 673 764 1904 675 832 1905 676 833 1906 674 775 1907 676 833 1908 679 753 1909 678 724 1910 680 726 1911 682 772 1912 681 768 1913 683 834 1914 684 835 1915 682 772 1916 684 835 1917 687 767 1918 686 758 1919 689 730 1920 691 717 1921 690 762 1922 693 836 1923 688 837 1924 689 730 1925 694 712 1926 693 836 1927 695 771 1928 667 829 1929 681 768 1930 666 746 1931 679 753 1932 671 714 1933 678 724 1934 691 717 1935 673 764 1936 690 762 1937 695 771 1938 687 767 1939 694 712 1940 626 838 1941 697 747 1942 627 839 1943 699 840 1944 696 745 1945 626 838 1946 700 716 1947 699 840 1948 600 841 1949 701 766 1950 702 842 1951 628 843 1952 703 765 1953 704 844 1954 702 842 1955 704 844 1956 707 725 1957 706 845 1958 708 770 1959 709 846 1960 629 847 1961 710 769 1962 630 848 1963 709 846 1964 630 848 1965 712 760 1966 605 849 1967 714 850 1968 716 763 1969 715 851 1970 718 852 1971 713 731 1972 714 850 1973 719 759 1974 718 852 1975 631 853 1976 697 747 1977 629 847 1978 627 839 1979 706 845 1980 700 716 1981 600 841 1982 716 763 1983 628 843 1984 715 851 1985 631 853 1986 712 760 1987 719 759 1988 667 829 1989 610 742 1990 611 727 1991 525 854 1992 721 855 1993 720 856 1994 525 854 1995 720 856 1996 722 857 1997 525 854 1998 722 857 1999 723 858 2000 528 859 2001 725 860 2002 724 861 2003 528 859 2004 726 862 2005 725 860 2006 528 859 2007 727 863 2008 726 862 2009 534 864 2010 729 865 2011 728 866 2012 534 864 2013 730 867 2014 729 865 2015 534 864 2016 731 868 2017 730 867 2018 541 869 2019 733 870 2020 732 871 2021 541 869 2022 732 871 2023 734 872 2024 541 869 2025 734 872 2026 735 873 2027 534 864 2028 721 855 2029 525 854 2030 528 859 2031 723 858 2032 727 863 2033 528 859 2034 733 870 2035 541 869 2036 541 869 2037 731 868 2038 534 864 2039 519 874 2040 742 875 2041 530 876 2042 541 877 2043 738 878 2044 528 879 2045 525 880 2046 738 881 2047 739 882 2048 525 883 2049 736 884 2050 534 884 2051 519 885 2052 736 886 2053 520 887 2054 530 888 2055 739 889 2056 738 890 2057 519 885 2058 738 890 2059 737 891 2060 520 887 2061 739 889 2062 523 892 2063 740 893 2064 742 894 2065 741 895 2066 520 896 2067 741 897 2068 519 898 2069 523 899 2070 740 900 2071 520 901 2072 523 902 2073 742 903 2074 743 904 2075 762 905 2076 745 906 2077 744 907 2078 745 906 2079 763 908 2080 746 909 2081 763 908 2082 747 910 2083 746 909 2084 764 911 2085 748 912 2086 747 910 2087 748 912 2088 766 913 2089 749 914 2090 766 913 2091 750 915 2092 749 914 2093 750 915 2094 768 916 2095 751 917 2096 768 916 2097 752 918 2098 751 917 2099 752 918 2100 770 919 2101 753 920 2102 770 919 2103 755 921 2104 753 920 2105 755 921 2106 772 922 2107 756 923 2108 772 922 2109 757 924 2110 756 923 2111 757 924 2112 774 925 2113 758 926 2114 758 926 2115 775 927 2116 759 928 2117 775 927 2118 760 929 2119 759 928 2120 760 929 2121 762 905 2122 744 907 2123 754 930 2124 761 931 2125 762 932 2126 754 930 2127 763 933 2128 761 931 2129 754 930 2130 764 934 2131 763 933 2132 754 930 2133 765 935 2134 764 934 2135 754 930 2136 766 936 2137 765 935 2138 754 930 2139 767 937 2140 766 936 2141 754 930 2142 768 938 2143 767 937 2144 754 930 2145 769 939 2146 768 938 2147 754 930 2148 770 940 2149 769 939 2150 754 930 2151 771 941 2152 770 940 2153 754 930 2154 772 942 2155 771 941 2156 754 930 2157 773 943 2158 772 942 2159 754 930 2160 774 944 2161 773 943 2162 754 930 2163 775 945 2164 774 944 2165 754 930 2166 776 946 2167 775 945 2168 754 930 2169 762 932 2170 776 946 2171 94 84 2187 782 190 2188 92 189 2189 150 3 2190 87 3 2191 782 190 2192 8 84 2193 783 190 2194 65 3 2195 65 3 2196 783 190 2197 0 3 2198 242 4 2199 171 4 2200 784 5 2201 77 0 2202 19 45 2203 22 1 2204 3 3 2205 28 3 2206 27 3 2207 438 3 2208 3 3 2209 27 3 2210 27 20 2211 18 20 2212 441 20 2213 15 6 2214 17 9 2215 63 6 2216 11 7 2217 67 954 2218 68 7 2219 17 9 2220 16 955 2221 12 10 2222 3 3 2223 378 3 2224 379 3 2225 12 3 2226 7 3 2227 66 3 2228 32 13 2229 79 956 2230 31 957 2231 79 956 2232 78 210 2233 31 957 2234 78 210 2235 22 958 2236 23 959 2237 22 958 2238 24 6 2239 25 960 2240 78 210 2241 23 959 2242 31 957 2243 25 960 2244 23 959 2245 22 958 2246 31 957 2247 33 11 2248 32 13 2249 27 14 2250 31 961 2251 23 15 2252 28 3 2253 3 3 2254 7 3 2255 32 17 2256 26 36 2257 80 18 2258 379 3 2259 380 3 2260 4 3 2261 1 3 2262 4 3 2263 5 3 2264 7 3 2265 379 3 2266 1 3 2267 450 20 2268 74 20 2269 76 20 2270 16 21 2271 40 21 2272 44 22 2273 72 6 2274 71 220 2275 40 24 2276 73 6 2277 72 6 2278 13 25 2279 15 26 2280 14 962 2281 13 27 2282 12 10 2283 16 955 2284 35 28 2285 35 28 2286 37 47 2287 28 29 2288 17 21 2289 13 27 2290 40 21 2291 40 24 2292 47 69 2293 44 32 2294 47 69 2295 46 72 2296 44 32 2297 46 72 2298 50 30 2299 44 32 2300 21 33 2301 443 6 2302 442 34 2303 21 20 2304 19 20 2305 440 20 2306 159 20 2307 160 355 2308 444 20 2309 28 6 2310 26 6 2311 29 6 2312 30 6 2313 27 6 2314 28 6 2315 26 36 2316 32 17 2317 34 37 2318 34 37 2319 33 40 2320 30 39 2321 33 40 2322 31 961 2323 27 14 2324 18 16 2325 23 15 2326 25 41 2327 20 42 2328 25 41 2329 24 43 2330 24 43 2331 22 1 2332 19 45 2333 77 20 2334 75 20 2335 439 20 2336 440 20 2337 19 20 2338 77 20 2339 36 49 2340 39 963 2341 41 50 2342 41 50 2343 39 963 2344 38 52 2345 43 53 2346 38 52 2347 35 23 2348 81 54 2349 36 49 2350 42 51 2351 60 59 2352 85 6 2353 84 6 2354 84 6 2355 55 964 2356 60 59 2357 55 964 2358 57 965 2359 56 966 2360 60 59 2361 55 964 2362 56 966 2363 57 965 2364 58 6 2365 56 966 2366 56 966 2367 59 60 2368 60 59 2369 59 60 2370 61 967 2371 62 61 2372 46 62 2373 59 78 2374 56 63 2375 83 65 2376 51 73 2377 55 66 2378 40 24 2379 71 220 2380 47 69 2381 71 220 2382 86 68 2383 47 69 2384 51 73 2385 54 75 2386 57 74 2387 54 75 2388 53 83 2389 58 76 2390 58 76 2391 53 83 2392 50 64 2393 46 62 2394 49 968 2395 61 77 2396 61 77 2397 49 968 2398 48 79 2399 62 80 2400 48 79 2401 45 81 2402 52 31 2403 50 30 2404 53 83 2405 54 75 2406 51 73 2407 52 31 2408 11 3 2409 10 3 2410 64 3 2411 8 84 2412 65 3 2413 64 3 2414 66 3 2415 1 3 2416 0 3 2417 783 190 2418 6 969 2419 66 3 2420 6 969 2421 11 3 2422 66 3 2423 66 3 2424 0 3 2425 783 190 2426 183 85 2427 242 4 2428 784 5 2429 67 3 2430 70 3 2431 69 3 2432 6 87 2433 70 87 2434 67 87 2435 10 88 2436 68 20 2437 69 89 2438 8 91 2439 69 970 2440 70 91 2441 453 95 2442 416 196 2443 420 93 2444 416 196 2445 415 484 2446 420 93 2447 415 484 2448 418 3 2449 420 93 2450 438 3 2451 451 138 2452 378 96 2453 86 97 2454 85 971 2455 60 82 2456 42 57 2457 52 31 2458 51 73 2459 51 73 2460 83 65 2461 82 98 2462 28 29 2463 37 47 2464 26 6 2465 37 47 2466 36 6 2467 26 6 2468 36 6 2469 81 6 2470 80 6 2471 20 35 2472 442 34 2473 441 6 2474 161 99 2475 162 281 2476 107 100 2477 112 3 2478 113 3 2479 91 3 2480 112 3 2481 91 3 2482 445 3 2483 446 20 2484 103 20 2485 112 20 2486 100 102 2487 149 102 2488 148 102 2489 153 104 2490 152 972 2491 96 104 2492 102 103 2493 148 102 2494 97 105 2495 381 107 2496 409 422 2497 91 3 2498 151 3 2499 93 3 2500 97 3 2501 162 109 2502 163 973 2503 116 974 2504 163 973 2505 117 975 2506 116 974 2507 117 975 2508 119 102 2509 118 976 2510 118 976 2511 116 974 2512 117 975 2513 116 974 2514 108 110 2515 162 109 2516 108 110 2517 110 977 2518 107 108 2519 110 977 2520 109 978 2521 107 108 2522 108 111 2523 116 979 2524 112 112 2525 93 3 2526 91 3 2527 113 3 2528 164 114 2529 111 140 2530 117 115 2531 4 3 2532 380 3 2533 381 3 2534 5 3 2535 4 3 2536 89 3 2537 89 3 2538 381 3 2539 93 3 2540 415 117 2541 426 493 2542 430 118 2543 129 120 2544 125 131 2545 101 121 2546 157 102 2547 98 125 2548 125 123 2549 158 102 2550 99 102 2551 98 125 2552 98 126 2553 99 980 2554 100 127 2555 120 130 2556 101 106 2557 97 105 2558 97 105 2559 113 128 2560 120 130 2561 125 131 2562 98 126 2563 102 121 2564 131 132 2565 132 173 2566 129 133 2567 132 173 2568 125 123 2569 129 133 2570 129 133 2571 137 159 2572 135 134 2573 449 135 2574 448 981 2575 106 136 2576 106 136 2577 448 981 2578 447 102 2579 451 138 2580 352 387 2581 351 139 2582 351 139 2583 354 3 2584 378 96 2585 354 3 2586 356 388 2587 378 96 2588 114 102 2589 111 102 2590 113 102 2591 113 102 2592 112 102 2593 115 102 2594 111 140 2595 114 143 2596 119 141 2597 115 142 2598 118 144 2599 119 141 2600 112 112 2601 116 979 2602 118 144 2603 103 113 2604 105 146 2605 110 145 2606 105 146 2607 106 148 2608 109 147 2609 104 101 2610 107 100 2611 109 147 2612 444 20 2613 160 355 2614 161 20 2615 104 20 2616 447 20 2617 444 20 2618 126 152 2619 124 156 2620 121 153 2621 126 152 2622 128 157 2623 123 155 2624 128 157 2625 129 120 2626 120 122 2627 165 158 2628 166 324 2629 127 154 2630 168 102 2631 169 102 2632 145 164 2633 145 164 2634 147 982 2635 144 983 2636 147 982 2637 146 984 2638 144 983 2639 144 983 2640 141 165 2641 145 164 2642 141 165 2643 143 102 2644 142 985 2645 142 985 2646 140 163 2647 141 165 2648 140 163 2649 168 102 2650 145 164 2651 141 166 2652 144 181 2653 131 167 2654 167 169 2655 168 335 2656 140 170 2657 170 172 2658 156 124 2659 132 173 2660 156 124 2661 125 123 2662 132 173 2663 142 176 2664 139 178 2665 136 171 2666 143 177 2667 138 179 2668 139 178 2669 143 177 2670 141 166 2671 135 168 2672 146 180 2673 134 183 2674 131 167 2675 146 180 2676 147 184 2677 133 182 2678 147 184 2679 145 199 2680 130 185 2681 138 187 2682 135 134 2683 137 159 2684 137 159 2685 136 203 2686 139 186 2687 96 188 2688 148 986 2689 149 3 2690 149 3 2691 150 3 2692 94 84 2693 782 190 2694 87 3 2695 151 191 2696 87 3 2697 89 3 2698 151 191 2699 151 191 2700 148 986 2701 96 188 2702 96 188 2703 92 189 2704 151 191 2705 154 3 2706 155 3 2707 152 3 2708 152 87 2709 155 87 2710 92 87 2711 154 192 2712 153 20 2713 95 193 2714 155 195 2715 154 987 2716 94 195 2717 454 197 2718 412 480 2719 414 482 2720 412 480 2721 411 481 2722 414 482 2723 454 197 2724 414 482 2725 416 196 2726 409 198 2727 454 197 2728 445 3 2729 145 199 2730 169 988 2731 170 200 2732 136 203 2733 137 159 2734 127 162 2735 127 162 2736 166 201 2737 136 203 2738 121 151 2739 122 129 2740 111 989 2741 122 129 2742 113 128 2743 111 989 2744 111 989 2745 164 102 2746 121 151 2747 446 990 2748 449 135 2749 105 137 2750 77 0 2751 78 2 2752 199 204 2753 173 4 2754 172 4 2755 176 4 2756 257 85 2757 255 991 2758 785 5 2759 191 6 2760 241 6 2761 240 6 2762 245 7 2763 244 954 2764 187 7 2765 193 206 2766 240 6 2767 188 207 2768 184 4 2769 185 4 2770 173 4 2771 175 4 2772 173 4 2773 177 4 2774 243 4 2775 182 4 2776 188 4 2777 78 210 2778 79 956 2779 208 992 2780 79 956 2781 209 993 2782 208 992 2783 209 993 2784 211 6 2785 210 994 2786 210 994 2787 208 992 2788 209 993 2789 208 992 2790 200 211 2791 78 210 2792 200 211 2793 202 995 2794 199 209 2795 202 995 2796 201 996 2797 199 209 2798 200 212 2799 208 997 2800 204 213 2801 182 4 2802 177 4 2803 205 4 2804 80 18 2805 203 234 2806 209 215 2807 178 4 2808 184 4 2809 175 4 2810 180 4 2811 178 4 2812 174 4 2813 174 4 2814 175 4 2815 182 4 2816 185 4 2817 179 4 2818 172 4 2819 221 216 2820 217 227 2821 192 217 2822 72 6 2823 189 221 2824 217 219 2825 73 6 2826 190 6 2827 189 221 2828 189 222 2829 190 998 2830 191 223 2831 212 226 2832 192 208 2833 188 207 2834 188 207 2835 205 224 2836 212 226 2837 217 227 2838 189 222 2839 193 217 2840 223 228 2841 224 264 2842 221 229 2843 224 264 2844 217 219 2845 221 229 2846 221 229 2847 229 252 2848 227 230 2849 206 6 2850 203 6 2851 205 6 2852 205 6 2853 204 6 2854 207 6 2855 203 234 2856 206 237 2857 211 235 2858 207 236 2859 210 238 2860 211 235 2861 204 213 2862 208 997 2863 210 238 2864 194 214 2865 197 240 2866 202 239 2867 197 240 2868 198 242 2869 201 241 2870 195 205 2871 199 204 2872 201 241 2873 204 4 2874 205 4 2875 177 4 2876 177 4 2877 176 4 2878 194 4 2879 176 4 2880 196 4 2881 194 4 2882 218 246 2883 216 250 2884 213 247 2885 218 246 2886 220 251 2887 215 249 2888 220 251 2889 221 216 2890 212 218 2891 81 54 2892 82 55 2893 219 248 2894 84 6 2895 85 6 2896 237 257 2897 237 257 2898 239 999 2899 236 1000 2900 239 999 2901 238 1001 2902 236 1000 2903 236 1000 2904 233 258 2905 237 257 2906 233 258 2907 235 6 2908 234 1002 2909 234 1002 2910 232 256 2911 233 258 2912 232 256 2913 84 6 2914 237 257 2915 233 259 2916 236 272 2917 223 260 2918 83 65 2919 84 67 2920 232 262 2921 86 68 2922 71 220 2923 224 264 2924 71 220 2925 217 219 2926 224 264 2927 234 267 2928 231 269 2929 228 263 2930 235 268 2931 230 270 2932 231 269 2933 235 268 2934 233 259 2935 227 261 2936 238 271 2937 226 274 2938 223 260 2939 238 271 2940 239 275 2941 225 273 2942 239 275 2943 237 279 2944 222 276 2945 230 270 2946 227 230 2947 229 252 2948 229 252 2949 228 263 2950 231 269 2951 187 277 2952 240 1003 2953 241 4 2954 241 4 2955 242 4 2956 183 85 2957 243 278 2958 240 1003 2959 187 277 2960 187 277 2961 181 86 2962 243 278 2963 181 86 2964 784 5 2965 243 278 2966 784 5 2967 171 4 2968 243 278 2969 246 4 2970 247 4 2971 244 4 2972 244 87 2973 247 87 2974 181 87 2975 246 89 2976 245 20 2977 186 88 2978 247 91 2979 246 970 2980 183 91 2981 76 20 2982 74 20 2983 172 20 2984 74 20 2985 75 20 2986 176 20 2987 237 279 2988 85 971 2989 86 97 2990 228 263 2991 229 252 2992 219 255 2993 219 255 2994 82 98 2995 228 263 2996 213 245 2997 214 225 2998 203 1004 2999 214 225 3000 205 224 3001 203 1004 3002 203 1004 3003 80 6 3004 213 245 3005 196 20 3006 176 20 3007 195 20 3008 176 20 3009 75 20 3010 195 20 3011 161 99 3012 267 315 3013 271 280 3014 253 4 3015 249 4 3016 250 4 3017 263 102 3018 265 282 3019 312 102 3020 259 104 3021 316 972 3022 317 104 3023 265 282 3024 264 1005 3025 260 283 3026 250 4 3027 185 4 3028 184 4 3029 254 4 3030 250 4 3031 252 4 3032 260 4 3033 256 4 3034 315 4 3035 281 286 3036 163 973 3037 280 1006 3038 163 973 3039 162 109 3040 280 1006 3041 162 109 3042 271 1007 3043 272 1008 3044 271 1007 3045 273 102 3046 274 1009 3047 162 109 3048 272 1008 3049 280 1006 3050 274 1009 3051 272 1008 3052 271 1007 3053 280 1006 3054 282 284 3055 281 286 3056 276 287 3057 280 1010 3058 272 288 3059 277 4 3060 254 4 3061 256 4 3062 281 290 3063 275 306 3064 164 114 3065 252 4 3066 184 4 3067 178 4 3068 251 4 3069 178 4 3070 180 4 3071 256 4 3072 252 4 3073 251 4 3074 249 4 3075 179 4 3076 185 4 3077 264 291 3078 289 291 3079 293 292 3080 157 102 3081 156 124 3082 289 294 3083 158 102 3084 157 102 3085 261 295 3086 263 296 3087 262 1011 3088 261 297 3089 260 283 3090 264 1005 3091 284 298 3092 284 298 3093 286 317 3094 277 299 3095 265 291 3096 261 297 3097 289 291 3098 289 294 3099 296 336 3100 293 302 3101 296 336 3102 295 339 3103 293 302 3104 295 339 3105 299 300 3106 293 302 3107 277 102 3108 275 102 3109 278 102 3110 279 102 3111 276 102 3112 277 102 3113 275 306 3114 281 290 3115 283 307 3116 283 307 3117 282 310 3118 279 309 3119 282 310 3120 280 1010 3121 276 287 3122 266 289 3123 272 288 3124 274 311 3125 269 312 3126 274 311 3127 273 313 3128 273 313 3129 271 280 3130 267 315 3131 254 4 3132 277 4 3133 276 4 3134 266 4 3135 268 4 3136 253 4 3137 254 4 3138 276 4 3139 266 4 3140 285 319 3141 288 1012 3142 290 320 3143 290 320 3144 288 1012 3145 287 322 3146 292 323 3147 287 322 3148 284 293 3149 165 158 3150 285 319 3151 291 321 3152 309 328 3153 169 102 3154 168 102 3155 168 102 3156 304 1013 3157 309 328 3158 304 1013 3159 306 1014 3160 305 1015 3161 309 328 3162 304 1013 3163 305 1015 3164 306 1014 3165 307 102 3166 305 1015 3167 305 1015 3168 308 329 3169 309 328 3170 308 329 3171 310 1016 3172 311 330 3173 295 331 3174 308 345 3175 305 332 3176 167 169 3177 300 340 3178 304 334 3179 289 294 3180 156 124 3181 296 336 3182 156 124 3183 170 172 3184 296 336 3185 300 340 3186 303 342 3187 306 341 3188 303 342 3189 302 1017 3190 307 343 3191 307 343 3192 302 1017 3193 299 333 3194 295 331 3195 298 1018 3196 310 344 3197 310 344 3198 298 1018 3199 297 346 3200 311 347 3201 297 346 3202 294 348 3203 301 301 3204 299 300 3205 302 350 3206 303 351 3207 300 353 3208 301 301 3209 259 4 3210 258 4 3211 313 4 3212 257 85 3213 314 4 3214 313 4 3215 785 5 3216 255 991 3217 315 4 3218 255 991 3219 259 4 3220 315 4 3221 259 4 3222 312 4 3223 315 4 3224 315 4 3225 251 4 3226 248 4 3227 316 4 3228 319 4 3229 318 4 3230 255 87 3231 319 87 3232 316 87 3233 258 193 3234 317 20 3235 318 192 3236 257 195 3237 318 987 3238 319 195 3239 249 20 3240 159 20 3241 76 20 3242 253 352 3243 160 355 3244 159 20 3245 170 200 3246 169 988 3247 309 349 3248 291 326 3249 301 301 3250 300 353 3251 300 353 3252 167 202 3253 166 201 3254 277 299 3255 286 317 3256 275 102 3257 286 317 3258 285 102 3259 275 102 3260 285 102 3261 165 102 3262 164 102 3263 160 355 3264 253 352 3265 267 354 3266 253 352 3267 268 20 3268 267 354 3269 5 87 3270 87 87 3271 248 87 3272 180 87 3273 171 87 3274 0 87 3275 5 87 3276 248 87 3277 180 87 3278 0 356 3279 171 1019 3280 242 356 3281 314 358 3282 248 1020 3283 87 358 3284 150 1021 3285 149 1022 3286 99 1023 3287 149 1022 3288 100 1024 3289 99 1023 3290 263 87 3291 313 87 3292 262 361 3293 313 87 3294 314 362 3295 262 361 3296 314 362 3297 150 1021 3298 158 360 3299 150 1021 3300 99 1023 3301 158 360 3302 242 1025 3303 241 1026 3304 190 1027 3305 241 1026 3306 191 1028 3307 190 1027 3308 15 87 3309 64 87 3310 14 364 3311 64 87 3312 65 365 3313 14 364 3314 65 365 3315 242 1025 3316 73 363 3317 242 1025 3318 190 1027 3319 73 363 3320 359 366 3321 375 1029 3322 367 367 3323 376 396 3324 358 398 3325 327 1030 3326 358 398 3327 363 369 3328 323 371 3329 327 1030 3330 358 398 3331 331 1031 3332 363 369 3333 329 409 3334 325 1032 3335 363 369 3336 325 1032 3337 333 370 3338 331 1031 3339 358 398 3340 323 371 3341 362 372 3342 355 403 3343 369 373 3344 376 377 3345 366 1033 3346 375 375 3347 366 1033 3348 368 1034 3349 367 1035 3350 375 375 3351 366 1033 3352 367 1035 3353 453 95 3354 360 389 3355 359 390 3356 359 390 3357 350 378 3358 453 95 3359 350 378 3360 352 387 3361 451 138 3362 76 20 3363 159 20 3364 455 20 3365 378 96 3366 356 388 3367 355 379 3368 355 379 3369 362 3 3370 408 94 3371 362 3 3372 364 391 3373 408 94 3374 341 6 3375 340 6 3376 370 380 3377 323 3 3378 333 3 3379 332 3 3380 325 3 3381 329 3 3382 328 3 3383 327 3 3384 331 3 3385 330 3 3386 335 3 3387 336 3 3388 337 3 3389 335 102 3390 334 102 3391 333 102 3392 336 87 3393 335 87 3394 325 87 3395 337 6 3396 336 6 3397 324 6 3398 334 20 3399 337 20 3400 332 20 3401 339 3 3402 340 3 3403 341 3 3404 373 382 3405 339 102 3406 338 102 3407 372 385 3408 369 393 3409 339 384 3410 369 393 3411 370 380 3412 340 1036 3413 339 384 3414 369 393 3415 340 1036 3416 338 20 3417 341 20 3418 328 20 3419 343 3 3420 344 3 3421 345 3 3422 343 102 3423 342 102 3424 376 102 3425 344 87 3426 343 87 3427 327 87 3428 345 6 3429 344 6 3430 326 6 3431 342 20 3432 345 20 3433 366 20 3434 347 3 3435 348 3 3436 349 3 3437 347 20 3438 346 20 3439 330 20 3440 348 102 3441 347 102 3442 331 102 3443 349 87 3444 348 87 3445 323 87 3446 346 6 3447 349 6 3448 322 6 3449 376 396 3450 377 399 3451 361 397 3452 377 399 3453 375 1029 3454 359 366 3455 366 400 3456 351 410 3457 353 401 3458 368 402 3459 353 401 3460 350 368 3461 355 403 3462 357 405 3463 371 404 3464 357 405 3465 354 1037 3466 328 406 3467 362 372 3468 372 374 3469 374 407 3470 365 408 3471 374 407 3472 329 409 3473 328 406 3474 354 1037 3475 324 1038 3476 354 1037 3477 351 410 3478 322 412 3479 324 1038 3480 354 1037 3481 332 1038 3482 351 410 3483 366 400 3484 326 1039 3485 351 410 3486 326 1039 3487 330 411 3488 332 1038 3489 354 1037 3490 322 412 3491 9 413 3492 390 437 3493 393 414 3494 2 416 3495 379 3 3496 378 3 3497 2 416 3498 9 423 3499 380 418 3500 320 417 3501 378 3 3502 408 419 3503 90 421 3504 88 424 3505 409 422 3506 9 423 3507 90 421 3508 381 107 3509 321 420 3510 408 419 3511 409 422 3512 321 425 3513 391 432 3514 388 426 3515 320 428 3516 388 1040 3517 389 429 3518 321 425 3519 88 1041 3520 392 431 3521 90 433 3522 393 1042 3523 392 434 3524 9 413 3525 2 1043 3526 389 436 3527 382 438 3528 383 441 3529 389 439 3530 383 441 3531 384 3 3532 390 442 3533 382 438 3534 388 440 3535 391 443 3536 386 3 3537 392 3 3538 393 3 3539 387 3 3540 393 3 3541 390 442 3542 386 3 3543 385 3 3544 391 443 3545 397 446 3546 382 20 3547 385 1044 3548 385 1044 3549 395 454 3550 397 446 3551 395 454 3552 396 444 3553 397 446 3554 394 447 3555 384 1045 3556 399 448 3557 384 1045 3558 383 87 3559 399 448 3560 399 448 3561 401 1046 3562 400 449 3563 403 465 3564 405 1047 3565 394 3 3566 394 3 3567 400 458 3568 396 450 3569 395 3 3570 403 465 3571 394 3 3572 406 453 3573 387 87 3574 384 1045 3575 384 1045 3576 394 447 3577 406 453 3578 394 447 3579 405 451 3580 406 453 3581 395 454 3582 385 1044 3583 402 455 3584 385 1044 3585 386 20 3586 402 455 3587 402 455 3588 404 1048 3589 403 456 3590 387 102 3591 406 462 3592 402 457 3593 400 458 3594 401 460 3595 398 459 3596 401 460 3597 399 466 3598 397 461 3599 406 462 3600 407 464 3601 404 463 3602 407 464 3603 405 1047 3604 403 465 3605 382 6 3606 397 461 3607 399 466 3608 419 467 3609 429 1049 3610 436 468 3611 414 470 3612 411 491 3613 432 471 3614 433 1050 3615 435 473 3616 430 475 3617 435 473 3618 437 1051 3619 436 1052 3620 429 474 3621 435 473 3622 436 1052 3623 429 474 3624 431 3 3625 430 475 3626 430 475 3627 426 1053 3628 433 1050 3629 426 1053 3630 428 1054 3631 427 1055 3632 433 1050 3633 426 1053 3634 432 1056 3635 427 1055 3636 432 1056 3637 426 1053 3638 432 1056 3639 434 1057 3640 433 1050 3641 409 198 3642 424 477 3643 423 487 3644 423 487 3645 410 476 3646 409 198 3647 410 476 3648 412 480 3649 454 197 3650 408 94 3651 420 93 3652 409 198 3653 420 93 3654 419 478 3655 409 198 3656 419 478 3657 422 486 3658 424 477 3659 408 94 3660 364 391 3661 363 392 3662 363 392 3663 358 3 3664 408 94 3665 358 3 3666 360 389 3667 453 95 3668 410 488 3669 433 499 3670 434 489 3671 434 489 3672 432 471 3673 411 491 3674 415 117 3675 417 1058 3676 428 492 3677 428 492 3678 417 1058 3679 414 470 3680 422 469 3681 436 468 3682 437 494 3683 437 494 3684 435 1059 3685 423 496 3686 418 119 3687 430 118 3688 431 497 3689 431 497 3690 429 1049 3691 419 467 3692 423 496 3693 435 1059 3694 433 499 3695 440 500 3696 441 1060 3697 442 102 3698 447 501 3699 448 6 3700 449 6 3701 450 503 3702 451 507 3703 438 504 3704 452 506 3705 453 506 3706 451 507 3707 438 504 3708 441 1060 3709 440 500 3710 454 508 3711 455 511 3712 444 509 3713 453 506 3714 452 506 3715 455 511 3716 447 501 3717 446 502 3718 445 510 3719 439 20 3720 75 20 3721 74 20 3722 493 512 3723 472 523 3724 468 513 3725 458 515 3726 459 635 3727 527 516 3728 469 518 3729 470 1061 3730 491 519 3731 491 519 3732 470 1061 3733 471 521 3734 492 522 3735 471 521 3736 472 523 3737 494 524 3738 473 615 3739 474 525 3740 474 525 3741 475 1062 3742 496 527 3743 496 527 3744 475 1062 3745 476 528 3746 480 530 3747 572 603 3748 570 531 3749 577 533 3750 547 612 3751 549 534 3752 477 536 3753 566 595 3754 569 537 3755 471 539 3756 470 599 3757 553 540 3758 584 542 3759 586 551 3760 556 543 3761 466 545 3762 545 684 3763 558 546 3764 597 548 3765 594 596 3766 567 549 3767 579 535 3768 549 534 3769 556 543 3770 485 552 3771 462 573 3772 517 553 3773 485 552 3774 509 554 3775 508 555 3776 585 557 3777 505 632 3778 513 558 3779 482 560 3780 502 640 3781 503 561 3782 598 556 3783 508 555 3784 506 563 3785 484 565 3786 595 564 3787 506 563 3788 457 569 3789 510 636 3790 515 570 3791 467 574 3792 546 598 3793 542 575 3794 574 577 3795 576 611 3796 544 578 3797 468 580 3798 472 585 3799 557 581 3800 478 538 3801 569 537 3802 550 583 3803 472 585 3804 471 539 3805 555 541 3806 473 547 3807 558 546 3808 561 586 3809 474 587 3810 561 586 3811 563 588 3812 476 590 3813 475 589 3814 563 588 3815 599 592 3816 573 607 3817 564 593 3818 479 532 3819 570 531 3820 566 595 3821 594 596 3822 596 610 3823 568 597 3824 468 580 3825 548 582 3826 546 598 3827 470 599 3828 469 584 3829 550 583 3830 583 600 3831 552 614 3832 551 601 3833 476 590 3834 565 591 3835 572 603 3836 590 604 3837 560 609 3838 559 605 3839 597 548 3840 571 550 3841 573 607 3842 592 608 3843 562 613 3844 560 609 3845 581 602 3846 551 601 3847 568 597 3848 587 606 3849 559 605 3850 544 578 3851 577 533 3852 574 577 3853 543 579 3854 592 608 3855 593 594 3856 564 593 3857 584 542 3858 554 544 3859 552 614 3860 473 615 3861 494 524 3862 486 616 3863 500 618 3864 501 1063 3865 480 619 3866 499 621 3867 500 618 3868 479 620 3869 478 623 3870 498 627 3871 499 621 3872 488 624 3873 489 514 3874 468 513 3875 465 626 3876 487 782 3877 488 624 3878 486 616 3879 487 782 3880 465 626 3881 469 518 3882 490 520 3883 498 627 3884 480 619 3885 501 1063 3886 497 529 3887 483 628 3888 582 562 3889 503 561 3890 463 630 3891 461 571 3892 515 570 3893 585 557 3894 483 628 3895 504 629 3896 464 633 3897 463 630 3898 514 631 3899 459 635 3900 511 639 3901 510 636 3902 464 633 3903 516 634 3904 517 637 3905 458 515 3906 512 642 3907 511 639 3908 484 565 3909 507 566 3910 502 640 3911 458 515 3912 456 658 3913 513 641 3914 578 643 3915 522 664 3916 518 644 3917 591 646 3918 535 667 3919 536 647 3920 534 649 3921 736 1064 3922 737 650 3923 461 571 3924 463 630 3925 537 652 3926 462 638 3927 460 648 3928 536 647 3929 575 655 3930 521 669 3931 532 656 3932 464 633 3933 539 661 3934 537 652 3935 456 658 3936 531 663 3937 524 659 3938 464 633 3939 462 638 3940 540 654 3941 461 571 3942 538 653 3943 526 662 3944 458 515 3945 529 517 3946 531 663 3947 578 643 3948 580 660 3949 524 659 3950 589 665 3951 588 657 3952 532 656 3953 457 569 3954 526 662 3955 527 516 3956 591 646 3957 589 665 3958 533 666 3959 720 668 3960 721 681 3961 521 669 3962 722 670 3963 720 668 3964 518 644 3965 722 670 3966 522 664 3967 524 659 3968 725 672 3969 527 516 3970 526 662 3971 726 674 3972 529 517 3973 527 516 3974 726 674 3975 727 682 3976 531 663 3977 729 675 3978 533 666 3979 532 656 3980 730 677 3981 535 667 3982 533 666 3983 730 677 3984 731 1065 3985 536 647 3986 732 678 3987 733 683 3988 538 653 3989 734 679 3990 732 678 3991 537 652 3992 734 679 3993 539 661 3994 540 654 3995 728 676 3996 532 656 3997 521 669 3998 727 682 3999 723 671 4000 524 659 4001 724 673 4002 526 662 4003 538 653 4004 536 647 4005 731 1065 4006 735 680 4007 481 645 4008 518 644 4009 521 669 4010 543 579 4011 544 578 4012 545 684 4013 547 612 4014 543 579 4015 542 575 4016 547 612 4017 546 598 4018 548 582 4019 552 614 4020 553 540 4021 550 583 4022 554 544 4023 555 541 4024 553 540 4025 554 544 4026 556 543 4027 557 581 4028 560 609 4029 561 586 4030 558 546 4031 562 613 4032 563 588 4033 561 586 4034 562 613 4035 564 593 4036 565 591 4037 567 549 4038 568 597 4039 569 537 4040 571 550 4041 567 549 4042 566 595 4043 571 550 4044 570 531 4045 572 603 4046 559 605 4047 558 546 4048 545 684 4049 549 534 4050 548 582 4051 557 581 4052 551 601 4053 550 583 4054 569 537 4055 565 591 4056 564 593 4057 573 607 4058 481 685 4059 575 696 4060 576 611 4061 578 686 4062 481 685 4063 574 577 4064 578 686 4065 577 533 4066 579 535 4067 582 687 4068 583 600 4069 581 602 4070 483 689 4071 584 542 4072 583 600 4073 483 689 4074 585 568 4075 586 551 4076 589 690 4077 590 604 4078 587 606 4079 591 692 4080 592 608 4081 590 604 4082 591 692 4083 460 698 4084 593 594 4085 595 693 4086 484 697 4087 596 610 4088 598 694 4089 595 693 4090 594 596 4091 598 694 4092 597 548 4093 599 592 4094 588 691 4095 587 606 4096 576 611 4097 580 567 4098 579 535 4099 586 551 4100 482 688 4101 581 602 4102 596 610 4103 599 592 4104 593 594 4105 460 698 4106 466 545 4107 465 576 4108 542 575 4109 613 699 4110 617 705 4111 493 512 4112 603 700 4113 645 808 4114 643 701 4115 491 519 4116 615 704 4117 614 703 4118 492 522 4119 616 706 4120 615 704 4121 492 522 4122 493 512 4123 617 705 4124 495 526 4125 619 709 4126 618 707 4127 495 526 4128 496 527 4129 620 708 4130 496 527 4131 497 529 4132 621 710 4133 624 711 4134 692 761 4135 694 712 4136 671 714 4137 669 830 4138 698 715 4139 691 717 4140 688 837 4141 622 718 4142 677 720 4143 675 832 4144 615 721 4145 705 723 4146 676 833 4147 678 724 4148 680 726 4149 667 829 4150 611 727 4151 717 729 4152 693 836 4153 689 730 4154 678 724 4155 671 714 4156 700 716 4157 631 732 4158 509 554 4159 517 553 4160 718 734 4161 508 555 4162 509 554 4163 513 558 4164 505 632 4165 706 735 4166 702 736 4167 503 561 4168 502 640 4169 714 738 4170 506 563 4171 508 555 4172 507 566 4173 506 563 4174 714 738 4175 515 570 4176 510 636 4177 602 740 4178 610 742 4179 664 831 4180 668 743 4181 696 745 4182 665 774 4183 666 746 4184 670 748 4185 679 753 4186 617 749 4187 672 751 4188 691 717 4189 623 719 4190 679 753 4191 677 720 4192 616 722 4193 619 754 4194 683 834 4195 680 726 4196 685 755 4197 683 834 4198 619 754 4199 621 757 4200 687 767 4201 685 755 4202 686 758 4203 695 771 4204 719 759 4205 622 718 4206 688 837 4207 692 761 4208 713 731 4209 689 730 4210 690 762 4211 668 743 4212 670 748 4213 613 750 4214 615 721 4215 675 832 4216 672 751 4217 673 764 4218 674 775 4219 703 765 4220 625 713 4221 694 712 4222 687 767 4223 681 768 4224 682 772 4225 710 769 4226 695 771 4227 693 836 4228 717 729 4229 682 772 4230 684 835 4231 711 773 4232 690 762 4233 673 764 4234 701 766 4235 666 746 4236 681 768 4237 708 770 4238 698 715 4239 669 830 4240 665 774 4241 711 773 4242 684 835 4243 686 758 4244 674 775 4245 676 833 4246 705 723 4247 486 616 4248 494 524 4249 618 707 4250 625 777 4251 501 1063 4252 500 618 4253 622 779 4254 624 778 4255 500 618 4256 623 780 4257 622 779 4258 499 621 4259 613 699 4260 489 514 4261 488 624 4262 612 781 4263 488 624 4264 487 782 4265 611 776 4266 610 783 4267 487 782 4268 498 627 4269 490 520 4270 614 703 4271 497 529 4272 501 1063 4273 625 777 4274 504 629 4275 503 561 4276 702 736 4277 514 631 4278 515 570 4279 606 741 4280 505 632 4281 504 629 4282 704 784 4283 609 786 4284 516 634 4285 514 631 4286 602 740 4287 510 636 4288 511 639 4289 607 787 4290 517 637 4291 516 634 4292 511 639 4293 512 642 4294 603 700 4295 502 640 4296 507 566 4297 715 739 4298 512 642 4299 513 641 4300 601 788 4301 632 789 4302 636 1066 4303 699 790 4304 655 792 4305 653 1067 4306 630 793 4307 633 1068 4308 634 1069 4309 639 1070 4310 634 1069 4311 649 1071 4312 639 1070 4313 649 1071 4314 650 1072 4315 654 1073 4316 650 1072 4317 652 1074 4318 654 1073 4319 654 1073 4320 663 795 4321 639 1070 4322 663 795 4323 661 1075 4324 657 1076 4325 657 1076 4326 658 1077 4327 663 795 4328 658 1077 4329 641 796 4330 663 795 4331 641 796 4332 642 1078 4333 646 797 4334 642 1078 4335 644 1079 4336 646 797 4337 646 797 4338 639 1070 4339 663 795 4340 639 1070 4341 637 1080 4342 633 1068 4343 639 1070 4344 649 1071 4345 654 1073 4346 659 798 4347 656 803 4348 608 785 4349 662 799 4350 655 792 4351 605 794 4352 648 800 4353 635 813 4354 627 801 4355 656 803 4356 660 806 4357 609 786 4358 600 804 4359 638 809 4360 647 805 4361 660 806 4362 662 799 4363 607 787 4364 640 807 4365 659 798 4366 606 741 4367 601 788 4368 647 805 4369 645 808 4370 699 790 4371 636 1066 4372 638 809 4373 709 810 4374 651 811 4375 648 800 4376 604 702 4377 643 701 4378 640 807 4379 630 793 4380 653 1067 4381 651 811 4382 633 812 4383 632 789 4384 635 813 4385 637 815 4386 636 1066 4387 632 789 4388 638 809 4389 636 1066 4390 637 815 4391 640 807 4392 643 701 4393 642 817 4394 643 701 4395 645 808 4396 644 819 4397 644 819 4398 645 808 4399 647 805 4400 648 800 4401 651 811 4402 650 821 4403 651 811 4404 653 1067 4405 652 823 4406 652 823 4407 653 1067 4408 655 792 4409 657 825 4410 656 803 4411 659 798 4412 661 827 4413 660 806 4414 656 803 4415 662 799 4416 660 806 4417 661 827 4418 635 813 4419 648 800 4420 649 822 4421 646 820 4422 647 805 4423 638 809 4424 659 798 4425 640 807 4426 641 818 4427 663 828 4428 654 824 4429 655 792 4430 635 813 4431 632 789 4432 626 791 4433 665 774 4434 664 831 4435 667 829 4436 669 830 4437 668 743 4438 664 831 4439 670 748 4440 668 743 4441 669 830 4442 672 751 4443 675 832 4444 674 775 4445 675 832 4446 677 720 4447 676 833 4448 676 833 4449 677 720 4450 679 753 4451 680 726 4452 683 834 4453 682 772 4454 683 834 4455 685 755 4456 684 835 4457 684 835 4458 685 755 4459 687 767 4460 689 730 4461 688 837 4462 691 717 4463 693 836 4464 692 761 4465 688 837 4466 694 712 4467 692 761 4468 693 836 4469 667 829 4470 680 726 4471 681 768 4472 679 753 4473 670 748 4474 671 714 4475 691 717 4476 672 751 4477 673 764 4478 695 771 4479 686 758 4480 687 767 4481 626 838 4482 696 745 4483 697 747 4484 699 840 4485 698 715 4486 696 745 4487 700 716 4488 698 715 4489 699 840 4490 701 766 4491 703 765 4492 702 842 4493 703 765 4494 705 723 4495 704 844 4496 704 844 4497 705 723 4498 707 725 4499 708 770 4500 710 769 4501 709 846 4502 710 769 4503 711 773 4504 630 848 4505 630 848 4506 711 773 4507 712 760 4508 714 850 4509 713 731 4510 716 763 4511 718 852 4512 717 729 4513 713 731 4514 719 759 4515 717 729 4516 718 852 4517 697 747 4518 708 770 4519 629 847 4520 706 845 4521 707 725 4522 700 716 4523 716 763 4524 701 766 4525 628 843 4526 631 853 4527 605 849 4528 712 760 4529 667 829 4530 664 831 4531 610 742 4532 534 864 4533 728 866 4534 721 855 4535 528 859 4536 525 854 4537 723 858 4538 528 859 4539 724 861 4540 733 870 4541 541 869 4542 735 873 4543 731 868 4544 519 874 4545 741 1081 4546 742 875 4547 541 877 4548 737 1082 4549 738 878 4550 525 880 4551 528 1083 4552 738 881 4553 525 883 4554 739 1084 4555 736 884 4556 519 885 4557 737 891 4558 736 886 4559 530 888 4560 523 892 4561 739 889 4562 519 885 4563 530 888 4564 738 890 4565 520 887 4566 736 886 4567 739 889 4568 740 893 4569 743 1085 4570 742 894 4571 520 896 4572 740 1086 4573 741 897 4574 523 899 4575 743 1087 4576 740 900 4577 523 902 4578 530 1088 4579 742 903 4580 762 905 4581 761 1089 4582 745 906 4583 745 906 4584 761 1089 4585 763 908 4586 763 908 4587 764 911 4588 747 910 4589 764 911 4590 765 1090 4591 748 912 4592 748 912 4593 765 1090 4594 766 913 4595 766 913 4596 767 1091 4597 750 915 4598 750 915 4599 767 1091 4600 768 916 4601 768 916 4602 769 1092 4603 752 918 4604 752 918 4605 769 1092 4606 770 919 4607 770 919 4608 771 1093 4609 755 921 4610 755 921 4611 771 1093 4612 772 922 4613 772 922 4614 773 1094 4615 757 924 4616 757 924 4617 773 1094 4618 774 925 4619 758 926 4620 774 925 4621 775 927 4622 775 927 4623 776 1095 4624 760 929 4625 760 929 4626 776 1095 4627 762 905 4628 94 84 4632 150 3 4633 782 190 4634 8 84 4635 6 969 4636 783 190 4637</p>
        </triangles>
        <triangles material="Terminal_hologram-material" count="6">
          <input semantic="VERTEX" source="#Cube_001-mesh-vertices" offset="0"/>
          <input semantic="NORMAL" source="#Cube_001-mesh-normals" offset="1"/>
          <input semantic="TEXCOORD" source="#Cube_001-mesh-map-0" offset="2" set="0"/>
          <p>777 947 2172 779 947 2173 778 947 2174 779 948 2175 780 949 2176 778 950 2177 780 951 2178 781 951 2179 777 951 2180 778 952 2181 780 952 2182 777 952 2183 781 953 2184 779 953 2185 777 953 2186 779 948 4629 781 1096 4630 780 949 4631</p>
        </triangles>
      </mesh>
    </geometry>
  </library_geometries>
  <library_visual_scenes>
    <visual_scene id="Scene" name="Scene">
      <node id="Terminal" name="Terminal" type="NODE">
        <matrix sid="transform">1 0 0 0 0 1 0 0 0 0 1 0 0 0 0 1</matrix>
        <instance_geometry url="#Cube_001-mesh" name="Terminal">
          <bind_material>
            <technique_common>
              <instance_material symbol="Terminal-material" target="#Terminal-material">
                <bind_vertex_input semantic="UVMap" input_semantic="TEXCOORD" input_set="0"/>
              </instance_material>
              <instance_material symbol="Terminal_hologram-material" target="#Terminal_hologram-material">
                <bind_vertex_input semantic="UVMap" input_semantic="TEXCOORD" input_set="0"/>
              </instance_material>
            </technique_common>
          </bind_material>
        </instance_geometry>
      </node>
    </visual_scene>
  </library_visual_scenes>
  <scene>
    <instance_visual_scene url="#Scene"/>
  </scene>
</COLLADA>